Job ID,Job URL,Job Title,Company Name,Status,Timestamp,WP ID
ddfbcb41e5ff5599,https://ba.linkedin.com/jobs/view/slu%C5%BEba-odr%C5%BEavanja-at-faculty-of-electrical-engineering-university-of-east-sarajevo-4449103890,Služba održavanja,,scraped,2026-08-07T17:33:33.602229,
cd6204e8953dd17f,https://ba.linkedin.com/jobs/view/support-specialist-at-faculty-of-electrical-engineering-university-of-east-sarajevo-4449109135,Support specialist,,scraped,2026-08-07T17:33:40.986320,
163128bd3a8d8637,https://ba.linkedin.com/jobs/view/applying-for-candidate-database-trustmotion-part-of-nxp-at-nxp-semiconductors-4343100665,Applying for candidate database TrustMotion part of NXP,NXP Semiconductors,failed|wp_post_failed,2026-08-07T17:34:10.742067,
7fcd409db5269477,https://ba.linkedin.com/jobs/view/tee-thats-what-i-like-at-masq-pop-4449625529,Tee Thats What I Like,,scraped,2026-08-07T17:34:13.350752,
b055d10293f65a1c,https://ba.linkedin.com/jobs/view/kantonale-verwaltung-at-amt-f%C3%BCr-wirtschaft-kanton-z%C3%BCrich-4450676246,Kantonale Verwaltung,,scraped,2026-08-07T17:34:20.436465,
eddd4adeb0ff26bc,https://ba.linkedin.com/jobs/view/recruiter-in-at-wavestone-4448423626,Recruiter:in,,scraped,2026-08-07T17:34:29.227456,
30d3537128634a41,https://ba.linkedin.com/jobs/view/senior-payroll-associate-bosnia-herzegovina-at-deel-4450345238,Senior Payroll Associate | Bosnia & Herzegovina,Deel,failed|wp_post_failed,2026-08-07T17:34:49.806559,
2ea3e75631f01c29,https://ba.linkedin.com/jobs/view/international-long-term-expert-%E2%80%93-team-leader-at-center-for-international-legal-cooperation-4450082016,International Long Term Expert – Team Leader,,scraped,2026-08-07T17:34:52.435938,
3317e31d5fabe88d,https://ba.linkedin.com/jobs/view/prodajni-savjetnik-at-h-m-4450310040,Prodajni savjetnik,H&M,failed|wp_post_failed,2026-08-07T17:35:19.497900,
e91ad0f609fd885f,https://ba.linkedin.com/jobs/view/call-center-representative-at-callsexperts-4447378976,Call Center Representative,Callsexperts,failed|wp_post_failed,2026-08-07T17:35:37.152099,
1fac49b3f69efb2c,https://ba.linkedin.com/jobs/view/product-specialist-at-asee-4449993635,Product Specialist,,scraped,2026-08-07T17:35:39.845248,
e66193a74ffd2dc4,https://ba.linkedin.com/jobs/view/customer-service-representative-at-palette-cad-bosna-i-hercegovina-4448851022,Customer Service Representative,,scraped,2026-08-07T17:35:47.662222,
7e73b62e29a5f269,https://ba.linkedin.com/jobs/view/voditelj-slu%C5%A1nog-centra-saradnik-u-prodaji-m-%C5%BE-s-biha%C4%87-ba-at-neuroth-4442638136,"Voditelj slušnog centra - saradnik u prodaji (m/ž/s), Bihać (BA)",Neuroth,failed|wp_post_failed,2026-08-07T17:36:16.376112,
b44f1d44fb5312e6,https://ba.linkedin.com/jobs/view/inbound-sales-consultant-at-royal-york-property-management-4445872230,Inbound Sales Consultant,,scraped,2026-08-07T17:36:19.024487,
f28c720cc4dd7c4f,https://ba.linkedin.com/jobs/view/recrutement-volontaires-%E2%83%92-sarajevo-at-institut-fran%C3%A7ais-francuski-institut-u-bih-bosnie-herz%C3%A9govine-4449376019,RECRUTEMENT VOLONTAIRES ⃒ SARAJEVO,Institut français (Francuski institut u BiH) Bosnie-Herzégovine,failed|wp_post_failed,2026-08-07T17:36:40.476299,
d23c9a6544ef4849,https://ba.linkedin.com/jobs/view/ai-data-engineering-at-avenga-4439354528,AI Data Engineering,,scraped,2026-08-07T17:36:43.092362,
b5f2c67d1ca9db25,https://ba.linkedin.com/jobs/view/technical-account-manager-at-qualys-4423214114,Technical Account Manager,Qualys,failed|wp_post_failed,2026-08-07T17:37:05.345809,
63f287ae773f85c6,https://ba.linkedin.com/jobs/view/on-page-seo-specialist-at-wisevu-4449640462,On-Page SEO Specialist,Wisevu,failed|wp_post_failed,2026-08-07T17:37:22.731274,
ec74f83691ff5e32,https://ba.linkedin.com/jobs/view/junior-legal-associate-at-trio-4448277365,Junior Legal Associate,Trio,failed|wp_post_failed,2026-08-07T17:37:40.054559,
c20adea2a67b720f,https://ba.linkedin.com/jobs/view/privacy-engineering-director-at-duckduckgo-4429676618,Privacy Engineering Director,DuckDuckGo,failed|wp_post_failed,2026-08-07T17:37:56.176378,
eff3cc22eba1d486,https://ba.linkedin.com/jobs/view/open-call-for-sales-partnerships-pre-sales-professionals-at-infobip-4448525580,"Open Call for Sales, Partnerships & Pre-Sales Professionals",,scraped,2026-08-07T17:37:58.897654,
5a9e2e6d98ef27f6,https://ba.linkedin.com/jobs/view/software-tester-f-m-d-at-siemens-energy-4448203408,Software Tester (f/m/d),Siemens Energy,failed|wp_post_failed,2026-08-07T17:38:20.647182,
f5f5d19d952a572e,https://ba.linkedin.com/jobs/view/seo-specialist-on-page-seo-at-wisevu-4449122576,SEO Specialist (On-Page SEO),Wisevu,failed|wp_post_failed,2026-08-07T17:38:38.205060,
7d94c7bd22453d17,https://ba.linkedin.com/jobs/view/google-cloud-platform-architect-remote-work-at-bairesdev-4447989663,Google Cloud Platform Architect - Remote Work,BairesDev,failed|wp_post_failed,2026-08-07T17:38:55.366036,
0224e2ffaf5f8d24,https://ba.linkedin.com/jobs/view/legal-assistant-at-jarvis-consulting-group-4449002450,Legal Assistant,,scraped,2026-08-07T17:38:57.994855,
6b861656de5b6583,https://ba.linkedin.com/jobs/view/engineering-manager-at-toptal-4450712036,Engineering Manager,Toptal,failed|wp_post_failed,2026-08-07T17:39:18.912344,
cc8022d7f4672647,https://ba.linkedin.com/jobs/view/bistro-uitbater-at-boardx-4449088591,BISTRO UITBATER,,scraped,2026-08-07T17:39:21.681380,
c55ebd9c3c7ea698,https://ba.linkedin.com/jobs/view/customer-success-sales-associate-at-infobip-4448516862,Customer Success/Sales Associate,,scraped,2026-08-07T17:39:28.322795,
be24b3a906e08a9c,https://ba.linkedin.com/jobs/view/technical-support-engineer-l2-l3-at-mwdn-4450341744,Technical Support Engineer (L2/L3),MWDN,failed|wp_post_failed,2026-08-07T17:39:53.901201,
a1aaf56dd5ce7830,https://ba.linkedin.com/jobs/view/samostalni-dispe%C4%8Der-at-faculty-of-electrical-engineering-university-of-east-sarajevo-4449100885,Samostalni dispečer,,scraped,2026-08-07T17:39:56.503862,
f9718ef3188f9edb,https://ba.linkedin.com/jobs/view/programer-at-faculty-of-electrical-engineering-university-of-east-sarajevo-4448993990,Programer,,scraped,2026-08-07T17:40:05.729195,
4276aebdf1b7d2af,https://ba.linkedin.com/jobs/view/programer-at-faculty-of-electrical-engineering-university-of-east-sarajevo-4449117020,Programer,,scraped,2026-08-07T17:40:13.023290,
1ecc65f1fcaaf089,https://ba.linkedin.com/jobs/view/programer-at-faculty-of-electrical-engineering-university-of-east-sarajevo-4449114028,Programer,,scraped,2026-08-07T17:40:20.192052,
ec704db48cb6d29d,https://ba.linkedin.com/jobs/view/programer-at-faculty-of-electrical-engineering-university-of-east-sarajevo-4449115056,Programer,,scraped,2026-08-07T17:40:27.349166,
2dd108904fe858aa,https://ba.linkedin.com/jobs/view/programer-at-faculty-of-electrical-engineering-university-of-east-sarajevo-4449119011,Programer,,scraped,2026-08-07T17:40:34.532853,
6f8ed900a92e09b2,https://ba.linkedin.com/jobs/view/vode%C4%87i-dispe%C4%8Der-at-faculty-of-electrical-engineering-university-of-east-sarajevo-4449119005,Vodeći dispečer,,scraped,2026-08-07T17:40:41.286883,
d42cf04d58b46dae,https://ba.linkedin.com/jobs/view/programer-at-faculty-of-electrical-engineering-university-of-east-sarajevo-4449110112,Programer,,scraped,2026-08-07T17:40:53.935369,
62ce3dd371983bd7,https://ba.linkedin.com/jobs/view/referent-za-investicije-at-faculty-of-electrical-engineering-university-of-east-sarajevo-4449114096,Referent za investicije,,scraped,2026-08-07T17:41:00.777043,
10805181fdb56574,https://ba.linkedin.com/jobs/view/-at-faculty-of-electrical-engineering-university-of-east-sarajevo-4449107283,.,,scraped,2026-08-07T17:41:07.718891,
413f910aa00e2702,https://ba.linkedin.com/jobs/view/system-developer-at-faculty-of-electrical-engineering-university-of-east-sarajevo-4449108186,System Developer,,scraped,2026-08-07T17:41:14.967859,
ce9e13b7d1e3ee1d,https://ba.linkedin.com/jobs/view/referent-za-energetiku-at-faculty-of-electrical-engineering-university-of-east-sarajevo-4449101980,Referent za energetiku,,scraped,2026-08-07T17:41:21.812920,
d81ee28630ade5f6,https://ba.linkedin.com/jobs/view/elektroodr%C5%BEavanje-at-faculty-of-electrical-engineering-university-of-east-sarajevo-4449102967,Elektroodržavanje,,scraped,2026-08-07T17:41:28.452824,
de31f694bdf9bd33,https://ba.linkedin.com/jobs/view/vss-za-koordinaciju-i-razvoj-it-sistema-at-faculty-of-electrical-engineering-university-of-east-sarajevo-4449101974,VSS za koordinaciju i razvoj IT sistema,,scraped,2026-08-07T17:41:35.292765,
321a60809583566b,https://ba.linkedin.com/jobs/view/upravnik-poslovnice-at-faculty-of-electrical-engineering-university-of-east-sarajevo-4449103930,Upravnik poslovnice,,scraped,2026-08-07T17:41:42.175964,
3358aff9d23c4fbe,https://ba.linkedin.com/jobs/view/upravnik-poslovnice-at-faculty-of-electrical-engineering-university-of-east-sarajevo-4449101972,Upravnik Poslovnice,,scraped,2026-08-07T17:41:49.553466,
9ddf48435075e3f9,https://ba.linkedin.com/jobs/view/system-engineer-at-faculty-of-electrical-engineering-university-of-east-sarajevo-4449113072,System engineer,,scraped,2026-08-07T17:41:56.212715,
34ccc6e4c0549c42,https://ba.linkedin.com/jobs/view/tehni%C4%8Dki-saradnik-at-faculty-of-electrical-engineering-university-of-east-sarajevo-4449120055,Tehnički saradnik,,scraped,2026-08-07T17:42:03.047877,
fc08838031217b21,https://ba.linkedin.com/jobs/view/system-engineer-at-faculty-of-electrical-engineering-university-of-east-sarajevo-4449100891,System engineer,,scraped,2026-08-07T17:42:10.622654,
bfd582b31c322912,https://ba.linkedin.com/jobs/view/rukovodilac-odsjeka-za-informatiku-at-faculty-of-electrical-engineering-university-of-east-sarajevo-4449121034,Rukovodilac odsjeka za informatiku,,scraped,2026-08-07T17:42:17.228253,
57fcce747282b47f,https://ba.linkedin.com/jobs/view/%C5%A1ef-odsjeka-za-ra%C4%8Dunarske-komunikacije-at-faculty-of-electrical-engineering-university-of-east-sarajevo-4449110169,Šef odsjeka za računarske komunikacije,,scraped,2026-08-07T17:42:24.113157,
e6a51a317c91f7a5,https://ba.linkedin.com/jobs/view/docent-at-faculty-of-electrical-engineering-university-of-east-sarajevo-4449115108,Docent,,scraped,2026-08-07T17:42:35.320217,
472d3f68bc36356e,https://ba.linkedin.com/jobs/view/strucni-saradnik-na-poslovima-razvoja-at-faculty-of-electrical-engineering-university-of-east-sarajevo-4449107260,Strucni saradnik na poslovima razvoja,,scraped,2026-08-07T17:42:42.293455,
f9543ceb51161931,https://ba.linkedin.com/jobs/view/rukovodilac-tehni%C4%8Dkog-sektora-at-faculty-of-electrical-engineering-university-of-east-sarajevo-4449102936,Rukovodilac tehničkog sektora,,scraped,2026-08-07T17:42:48.950253,
b035b329a4a06555,https://ba.linkedin.com/jobs/view/%C5%A1ef-operativno-komunikacijskog-centra-bih-112-at-faculty-of-electrical-engineering-university-of-east-sarajevo-4449114052,Šef Operativno-komunikacijskog centra BIH-112,,scraped,2026-08-07T17:42:55.712953,
e9d575155b5f05e4,https://ba.linkedin.com/jobs/view/stru%C4%8Dni-saradnik-za-potrebe-ec-i-wto-at-faculty-of-electrical-engineering-university-of-east-sarajevo-4449124011,Stručni saradnik za potrebe EC i WTO,,scraped,2026-08-07T17:43:02.583582,
64a4123a19f5637f,https://ba.linkedin.com/jobs/view/vi%C5%A1i-asistent-at-faculty-of-electrical-engineering-university-of-east-sarajevo-4449119084,Viši asistent,,scraped,2026-08-07T17:43:09.430946,
e0d66b89ed89538a,https://ba.linkedin.com/jobs/view/saradnik-za-analizu-prodaje-at-faculty-of-electrical-engineering-university-of-east-sarajevo-4449116082,Saradnik za analizu prodaje,,scraped,2026-08-07T17:43:16.132871,
3f6008727ceb2ee8,https://ba.linkedin.com/jobs/view/vi%C5%A1i-asistent-at-faculty-of-electrical-engineering-university-of-east-sarajevo-4449119076,viši asistent,,scraped,2026-08-07T17:43:22.767360,
83846c414ecd62b0,https://ba.linkedin.com/jobs/view/docent-at-faculty-of-electrical-engineering-university-of-east-sarajevo-4449121006,Docent,,scraped,2026-08-07T17:43:29.490649,
ebec3691788b1bde,https://ba.linkedin.com/jobs/view/rukovodilac-tehni%C4%8Dke-slu%C5%BEbe-at-faculty-of-electrical-engineering-university-of-east-sarajevo-4449105317,Rukovodilac tehničke službe,,scraped,2026-08-07T17:43:36.226070,
ef4c250e12c45bb8,https://ba.linkedin.com/jobs/view/full-stack-developer-at-faculty-of-electrical-engineering-university-of-east-sarajevo-4449105281,Full stack developer,,scraped,2026-08-07T17:43:42.954584,
aa6675d7ececc4df,https://ba.linkedin.com/jobs/view/profesor-at-faculty-of-electrical-engineering-university-of-east-sarajevo-4449112142,Profesor,,scraped,2026-08-07T17:43:49.822333,
702341b671feeadf,https://ba.linkedin.com/jobs/view/vi%C5%A1i-asistent-at-faculty-of-electrical-engineering-university-of-east-sarajevo-4449106385,Viši asistent,,scraped,2026-08-07T17:43:56.425194,
1c67a4ea088e9b8a,https://ba.linkedin.com/jobs/view/vi%C5%A1i-asistent-at-faculty-of-electrical-engineering-university-of-east-sarajevo-4449118058,Viši asistent,,scraped,2026-08-07T17:44:03.198572,
803eb7b16881d60c,https://ba.linkedin.com/jobs/view/assistant-sales-administrator-at-faculty-of-electrical-engineering-university-of-east-sarajevo-4449101977,Assistant Sales Administrator,,scraped,2026-08-07T17:44:10.483502,
f3ae8a31b89223b4,https://ba.linkedin.com/jobs/view/asistent-at-faculty-of-electrical-engineering-university-of-east-sarajevo-4449113094,asistent,,scraped,2026-08-07T17:44:17.992568,
6ac11ee787bf3ae6,https://ba.linkedin.com/jobs/view/rukovodilac-odsjeka-za-operativno-tehni%C4%8Dke-poslove-at-faculty-of-electrical-engineering-university-of-east-sarajevo-4449112106,Rukovodilac Odsjeka za operativno tehničke poslove,,scraped,2026-08-07T17:44:26.400457,
5fc5222d9aedf91b,https://ba.linkedin.com/jobs/view/rukovodilac-rj-elektroodrzavanje-at-faculty-of-electrical-engineering-university-of-east-sarajevo-4448998939,"Rukovodilac RJ ""Elektroodrzavanje""",,scraped,2026-08-07T17:44:33.552950,
361f22b889dde882,https://ba.linkedin.com/jobs/view/predava%C4%8D-na-cisco-akademiji-at-faculty-of-electrical-engineering-university-of-east-sarajevo-4449100918,Predavač na CISCO akademiji,,scraped,2026-08-07T17:44:40.822473,
e4407f24ac8aa532,https://ba.linkedin.com/jobs/view/vode%C4%87i-in%C5%BEinjer-at-faculty-of-electrical-engineering-university-of-east-sarajevo-4449100937,Vodeći inžinjer,,scraped,2026-08-07T17:44:48.383051,
d170532ea0c37171,https://ba.linkedin.com/jobs/view/software-developer-at-faculty-of-electrical-engineering-university-of-east-sarajevo-4449117026,Software developer,,scraped,2026-08-07T17:44:55.739587,
c7811bb3bf91cfa9,https://ba.linkedin.com/jobs/view/strucni-savjetnik-za-projektovanje-i-programiranje-at-faculty-of-electrical-engineering-university-of-east-sarajevo-4449123000,strucni savjetnik za projektovanje i programiranje,,scraped,2026-08-07T17:45:03.028213,
bb460181d0679319,https://ba.linkedin.com/jobs/view/vanredni-profesor-at-faculty-of-electrical-engineering-university-of-east-sarajevo-4449102890,Vanredni profesor,,scraped,2026-08-07T17:45:10.408780,
4f4d933873298000,https://ba.linkedin.com/jobs/view/vi%C5%A1i-stu%C4%8Dni-saradnik-za-internet-bazirane-aplikacije-i-servise-at-faculty-of-electrical-engineering-university-of-east-sarajevo-4449119070,Viši stučni saradnik za internet bazirane aplikacije i servise,,scraped,2026-08-07T17:45:17.288573,
b18b89d55e0828ef,https://ba.linkedin.com/jobs/view/software-developer-at-faculty-of-electrical-engineering-university-of-east-sarajevo-4449108212,Software developer,,scraped,2026-08-07T17:45:23.992117,
2c698443e4d94daa,https://ba.linkedin.com/jobs/view/direktor-sektora-logistike-at-faculty-of-electrical-engineering-university-of-east-sarajevo-4449110201,direktor sektora logistike,,scraped,2026-08-07T17:45:31.425972,
7e817d925d2aeaa8,https://ba.linkedin.com/jobs/view/software-developer-at-faculty-of-electrical-engineering-university-of-east-sarajevo-4449104902,Software developer,,scraped,2026-08-07T17:45:38.147253,
a9c9ee5bd2eccb0b,https://ba.linkedin.com/jobs/view/informati%C4%8Dar-u-it-slu%C5%BEbi-at-faculty-of-electrical-engineering-university-of-east-sarajevo-4448999947,Informatičar u IT službi,,scraped,2026-08-07T17:45:45.071236,
32479c91f94676fd,https://ba.linkedin.com/jobs/view/mla%C4%91i-stru%C4%8Dni-saradnik-za-razvoj-i-tehni%C4%8Dku-podr%C5%A1ku-at-faculty-of-electrical-engineering-university-of-east-sarajevo-4449104912,Mlađi stručni saradnik za razvoj i tehničku podršku,,scraped,2026-08-07T17:45:52.047322,
e7e8b0bc7d578c57,https://ba.linkedin.com/jobs/view/sistem-in%C5%BEinjer-za-softver-at-faculty-of-electrical-engineering-university-of-east-sarajevo-4449118093,Sistem inžinjer za softver,,scraped,2026-08-07T17:45:58.781836,
cea40ffd6ad4e9fc,https://ba.linkedin.com/jobs/view/in%C5%BEinjer-za-upravljanje-sistemom-u-realnom-vremenu-at-faculty-of-electrical-engineering-university-of-east-sarajevo-4449111162,Inžinjer za upravljanje sistemom u realnom vremenu,,scraped,2026-08-07T17:46:05.650939,
b10f683a4f3e0036,https://ba.linkedin.com/jobs/view/in%C5%BEenjer-za-upravljanje-sistemom-u-realnom-vremenu-at-faculty-of-electrical-engineering-university-of-east-sarajevo-4449120030,Inženjer za upravljanje sistemom u realnom vremenu,,scraped,2026-08-07T17:46:12.404164,
9d405b46bcdf7839,https://ba.linkedin.com/jobs/view/sales-support-in%C5%BEenjer-aplikacioni-in%C5%BEenjer-at-faculty-of-electrical-engineering-university-of-east-sarajevo-4449106273,Sales & Support inženjer / Aplikacioni inženjer,,scraped,2026-08-07T17:46:19.765594,
257b0c8976b25ff6,https://ba.linkedin.com/jobs/view/in%C5%BEinjer-za-planiranje-sistema-at-faculty-of-electrical-engineering-university-of-east-sarajevo-4449113041,Inžinjer za planiranje sistema,,scraped,2026-08-07T17:46:26.535037,
2eef8ce9960eaf86,https://ba.linkedin.com/jobs/view/strucni-saradnik-za-standardizaciju-iz-oblasti-elektrotehnike-at-faculty-of-electrical-engineering-university-of-east-sarajevo-4449118089,Strucni saradnik za standardizaciju iz oblasti elektrotehnike,,scraped,2026-08-07T17:46:33.145573,
c522150123ef1dd6,https://ba.linkedin.com/jobs/view/%C5%A1ef-odsjeka-za-tehni%C4%8Dke-industrijske-proizvode-u-oblasti-elektrotehnike-at-faculty-of-electrical-engineering-university-of-east-sarajevo-4449112053,Šef odsjeka za tehničke industrijske proizvode u oblasti elektrotehnike,,scraped,2026-08-07T17:46:39.933380,
9eb97b43dd8bb633,https://ba.linkedin.com/jobs/view/glavni-in%C5%BEenjer-za-informacionu-bezbjednost-at-faculty-of-electrical-engineering-university-of-east-sarajevo-4449110105,Glavni inženjer za informacionu bezbjednost,,scraped,2026-08-07T17:46:46.625690,
e15bafa84c8789a9,https://ba.linkedin.com/jobs/view/profesor-docent-dr-at-faculty-of-electrical-engineering-university-of-east-sarajevo-4449109212,"Profesor, Docent dr",,scraped,2026-08-07T17:46:53.225889,
c2af79a7cd79a13d,https://ba.linkedin.com/jobs/view/prodavac-mohito-sarajevo-at-lpp-bh-4448599738,Prodavac -  Mohito Sarajevo,,scraped,2026-08-07T17:47:00.024287,
b1708dcbc88b3f46,https://ba.linkedin.com/jobs/view/associate-business-analyst-at-personify-health-4450285818,Associate Business Analyst,Personify Health,failed|wp_post_failed,2026-08-07T17:47:25.104365,
b594b8d06d8a06bc,https://ba.linkedin.com/jobs/view/softver-inzinjer-at-faculty-of-electrical-engineering-university-of-east-sarajevo-4449111109,Softver inzinjer,,scraped,2026-08-07T17:47:27.730697,
b25f782057924c4c,https://ba.linkedin.com/jobs/view/in%C5%BEenjer-saradnik-za-eksploataciju-i-odr%C5%BEavanje-in-sistema-za-poslovne-korisnike-at-faculty-of-electrical-engineering-university-of-east-sarajevo-4448996975,Inženjer saradnik za eksploataciju i održavanje IN sistema za poslovne korisnike,,scraped,2026-08-07T17:47:34.560288,
eab509a3cf0a7824,https://ba.linkedin.com/jobs/view/in%C5%BEinjer-tehni%C4%8Dkih-sistema-upravljanja-at-faculty-of-electrical-engineering-university-of-east-sarajevo-4449108237,Inžinjer tehničkih sistema upravljanja,,scraped,2026-08-07T17:47:41.299453,
eb48b07a793c393e,https://ba.linkedin.com/jobs/view/sistem-inzenjer-za-vazduhoplovnu-opremu-at-faculty-of-electrical-engineering-university-of-east-sarajevo-4449112127,Sistem inzenjer za vazduhoplovnu opremu,,scraped,2026-08-07T17:47:48.199031,
a787c74d8d149649,https://ba.linkedin.com/jobs/view/release-delivery-manager-m-w-d-transformer-monitoring-at-siemens-energy-4403950284,Release Delivery Manager (m/w/d) Transformer Monitoring,Siemens Energy,failed|wp_post_failed,2026-08-07T17:48:10.516900,
541d644b00345f7b,https://ba.linkedin.com/jobs/view/vode%C4%87i-in%C5%BEenjer-u-diviziji-za-elektrane-at-faculty-of-electrical-engineering-university-of-east-sarajevo-4449103892,Vodeći inženjer u diviziji za elektrane,,scraped,2026-08-07T17:48:13.155645,
88e982c4460bad47,https://ba.linkedin.com/jobs/view/stru%C4%8Dni-saradnik-u-nastavi-%C5%A1ef-laboratorije-za-ra%C4%8Dunarstvo-i-informatiku-at-faculty-of-electrical-engineering-university-of-east-sarajevo-4449117099,Stručni saradnik u nastavi; šef laboratorije za računarstvo i informatiku,,scraped,2026-08-07T17:48:24.358464,
2bca247bff35657f,https://ba.linkedin.com/jobs/view/qa-engineer-at-deloitte-4395038333,QA Engineer,Deloitte,failed|wp_post_failed,2026-08-07T17:48:47.710834,
a6441b23f2370c32,https://ba.linkedin.com/jobs/view/substation-automation-system-engineer-f-m-d-at-siemens-energy-4448295353,Substation Automation System Engineer (f/m/d),Siemens Energy,failed|wp_post_failed,2026-08-07T17:49:05.715129,
00ce04af627b2b5d,https://ba.linkedin.com/jobs/view/in%C5%BEenjer-u-elektroodr%C5%BEavanju-at-faculty-of-electrical-engineering-university-of-east-sarajevo-4449118076,Inženjer u elektroodržavanju,,scraped,2026-08-07T17:49:08.331867,
602c40dc51d2484e,https://ba.linkedin.com/jobs/view/in%C5%BEenjer-u-elektro-odr%C5%BEavanju-at-faculty-of-electrical-engineering-university-of-east-sarajevo-4449108224,Inženjer u elektro-održavanju,,scraped,2026-08-07T17:49:15.115211,
5b91d3379f95b006,https://ba.linkedin.com/jobs/view/paid-ppc-performance-marketing-manager-at-digital-silk-growing-brands-online-4448300013,Paid PPC Performance Marketing Manager,Digital Silk - Growing Brands Online,failed|wp_post_failed,2026-08-07T17:49:36.977543,
d4e32a7fe47eda79,https://ba.linkedin.com/jobs/view/sales-executive-at-gtech-4448836639,Sales Executive,,scraped,2026-08-07T17:49:39.640774,
1fda585f0a782931,https://ba.linkedin.com/jobs/view/mid-market-customer-growth-executive-italian-speaker-at-infobip-4402730945,Mid Market Customer Growth Executive (Italian Speaker),,scraped,2026-08-07T17:49:47.209789,
8a4e64d077785c22,https://ba.linkedin.com/jobs/view/engineering-lead-industrial-automation-at-ekvip-automation-gmbh-4449386026,Engineering Lead - Industrial Automation,,scraped,2026-08-07T17:49:53.620508,
b3365df7a7d49357,https://ba.linkedin.com/jobs/view/sarajevo-cabin-crew-opportunities-dubai-based-relocation-provided-at-emirates-4446620543,"Sarajevo Cabin Crew Opportunities (Dubai Based, Relocation Provided)",Emirates,failed|wp_post_failed,2026-08-07T17:50:21.634206,
5ff22c8c4da2559b,https://ba.linkedin.com/jobs/view/principal-ai-solution-architect-at-avenga-4450641196,Principal AI Solution Architect,,scraped,2026-08-07T17:50:24.221292,
3b1bd7fd10d5eb38,https://ba.linkedin.com/jobs/view/digital-strategist-at-digital-silk-growing-brands-online-4449056253,Digital Strategist,Digital Silk - Growing Brands Online,failed|wp_post_failed,2026-08-07T17:50:46.478413,
ffb61d07027381c0,https://ba.linkedin.com/jobs/view/obstetric-and-gynecological-nurse-at-moj-lab-4449623354,OBSTETRIC AND GYNECOLOGICAL NURSE,,scraped,2026-08-07T17:50:49.109035,
756b6ca826e72031,https://ba.linkedin.com/jobs/view/staff-software-engineer-golang-at-block-labs-4440236731,"Staff Software Engineer, Golang",,scraped,2026-08-07T17:50:55.443467,
e9480291eee9f8e3,https://ba.linkedin.com/jobs/view/adc-audit-intern-at-deloitte-4438408683,ADC Audit Intern,Deloitte,failed|wp_post_failed,2026-08-07T17:51:17.244584,
51da722a322d8eff,https://ba.linkedin.com/jobs/view/senior-accountant-annual-reporting-specialist-at-financeteams-4448743142,Senior Accountant - Annual Reporting Specialist,,scraped,2026-08-07T17:51:19.968717,
22aa5e72b566c13c,https://ba.linkedin.com/jobs/view/medior-software-engineer-at-atlantbh-4448718894,Medior Software Engineer,Atlantbh,failed|wp_post_failed,2026-08-07T17:51:47.245439,
6e8683670f8376f1,https://ba.linkedin.com/jobs/view/national-expert-on-gender-responsive-budgeting-grb-at-un-women-4449458147,National Expert on Gender-Responsive Budgeting (GRB),UN Women,failed|wp_post_failed,2026-08-07T17:52:06.774396,
58b9debd26730cbb,https://ba.linkedin.com/jobs/view/senior-software-developer-at-nova-dev-4448923399,Senior Software Developer,nova dev,failed|wp_post_failed,2026-08-07T17:52:24.427901,
9d2654332f2e97f5,https://ba.linkedin.com/jobs/view/senior-software-engineer-at-atlantbh-4448722908,Senior Software Engineer,Atlantbh,failed|wp_post_failed,2026-08-07T17:52:44.937499,
717bff6d82e2eef5,https://ba.linkedin.com/jobs/view/consultancy-remote-based-supply-chain-design-specialist-supply-chain-management-unit-scmu-copenhagen-denmark-at-united-nations-population-fund-unfpa-4449744866,"Consultancy (Remote-based), Supply Chain Design Specialist, Supply Chain Management Unit (SCMU), Copenhagen, Denmark",United Nations Population Fund (UNFPA),failed|wp_post_failed,2026-08-07T17:53:02.808402,
bf5d18accb7ad095,https://ba.linkedin.com/jobs/view/finance-manager-at-nova-dev-4448924390,Finance Manager,nova dev,failed|wp_post_failed,2026-08-07T17:53:20.503176,
eeca10cda4525301,https://ba.linkedin.com/jobs/view/desktop-support-specialist-at-sharp-brains-solutions-4446232035,Desktop Support Specialist,,scraped,2026-08-07T17:53:23.097663,
2d10a8634f7749dd,https://ba.linkedin.com/jobs/view/odgovorni-projektant-elektro-faze-at-faculty-of-electrical-engineering-university-of-east-sarajevo-4449104893,Odgovorni projektant elektro faze,,scraped,2026-08-07T17:53:30.429036,
40d608dcc8d8ca15,https://ba.linkedin.com/jobs/view/casa-de-alto-padr%C3%A3o-com-vista-para-golfe-e-4-su%C3%ADtes-no-terravista-vilas-em-trancoso-at-alfa-imov%C3%A9is-4448957939,Casa de Alto Padrão com Vista para Golfe e 4 Suítes no Terravista Vilas em Trancoso,,scraped,2026-08-07T17:53:37.927105,
81af55804085a63e,https://ba.linkedin.com/jobs/view/senior-engineer-instrumentation-and-automation-at-faculty-of-electrical-engineering-university-of-east-sarajevo-4449107198,"Senior Engineer, Instrumentation and Automation",,scraped,2026-08-07T17:53:47.308357,
3496fbe3699a0778,https://ba.linkedin.com/jobs/view/home-office-kundenberater-m-w-d-f%C3%BCr-ein-renommiertes-schuhunternehmen-at-telus-digital-4448174636,Home Office Kundenberater (m/w/d) für ein renommiertes Schuhunternehmen,,scraped,2026-08-07T17:53:54.602923,
07d441b84d280e5a,https://ba.linkedin.com/jobs/view/elektroinzenjer-za-pripremu-elektroposlova-na-tehnoloskoj-opremi-at-faculty-of-electrical-engineering-university-of-east-sarajevo-4449114075,Elektroinzenjer za pripremu elektroposlova na tehnoloskoj opremi,,scraped,2026-08-07T17:54:01.539577,
ad5db6a88eff315b,https://ba.linkedin.com/jobs/view/diplomirani-in%C5%BEenjer-elektrotehnike-at-faculty-of-electrical-engineering-university-of-east-sarajevo-4449120018,diplomirani inženjer elektrotehnike,,scraped,2026-08-07T17:54:08.380032,
35208c32bb1a7793,https://ba.linkedin.com/jobs/view/elektro-in%C5%BEenjer-tehnolog-at-faculty-of-electrical-engineering-university-of-east-sarajevo-4449118048,Elektro inženjer tehnolog,,scraped,2026-08-07T17:54:15.744623,
4f74ebd33904281c,https://ba.linkedin.com/jobs/view/diplomirani-inzenjer-elektrotehnike-at-faculty-of-electrical-engineering-university-of-east-sarajevo-4449117046,Diplomirani inzenjer elektrotehnike,,scraped,2026-08-07T17:54:24.233223,
578cbd9b23c34c88,https://ba.linkedin.com/jobs/view/diplomirani-in%C5%BEenjer-elektrotehnike-at-faculty-of-electrical-engineering-university-of-east-sarajevo-4449115052,Diplomirani inženjer elektrotehnike,,scraped,2026-08-07T17:54:31.699266,
a0ca26aec3b26d90,https://ba.linkedin.com/jobs/view/diplomirani-in%C5%BEenjer-elektrotehnike-automatika-i-elektronika-at-faculty-of-electrical-engineering-university-of-east-sarajevo-4449108214,"Diplomirani inženjer elektrotehnike, automatika i elektronika",,scraped,2026-08-07T17:54:38.893512,
9b2ee6176ece8364,https://ba.linkedin.com/jobs/view/national-support-staff-%E2%80%93-programme-coordination-officer-at-center-for-international-legal-cooperation-4450059806,National Support Staff – Programme Coordination Officer,,scraped,2026-08-07T18:59:25.227117,
5c4f1a9cabfed2ff,https://ba.linkedin.com/jobs/view/technical-account-manager-at-axel-capital-doo-4446203629,Technical Account Manager,Axel Capital doo,failed|wp_post_failed,2026-08-07T19:00:12.288131,
53c7cea5795d2a4c,https://ba.linkedin.com/jobs/view/country-medical-director-at-roche-4420454369,Country Medical Director,,scraped,2026-08-07T19:00:14.899552,
0c4273ee1428429d,https://ba.linkedin.com/jobs/view/mid-market-account-executive-platforms-at-infobip-4433069677,Mid Market Account Executive (Platforms),,scraped,2026-08-07T19:00:30.668051,
b51f5571d89d20fe,https://ba.linkedin.com/jobs/view/data-platform-engineer-at-block-labs-4422837164,Data Platform Engineer,,scraped,2026-08-07T19:00:45.096777,
3dfb3f9e67533c87,https://ba.linkedin.com/jobs/view/sistem-administrator-at-faculty-of-electrical-engineering-university-of-east-sarajevo-4449113063,Sistem administrator,,scraped,2026-08-07T19:01:09.571577,
8fe8a2ae032f5731,https://ba.linkedin.com/jobs/view/glavni-saradnik-za-upravljanje-uslugama-za-poslovne-korisnike-at-faculty-of-electrical-engineering-university-of-east-sarajevo-4448993991,Glavni saradnik za upravljanje uslugama za poslovne korisnike,,scraped,2026-08-07T19:01:35.546945,
9cfe64618cf83a7e,https://ba.linkedin.com/jobs/view/asistent-at-faculty-of-electrical-engineering-university-of-east-sarajevo-4449105330,asistent,,scraped,2026-08-07T19:02:02.501119,
9161a39c1639035e,https://ba.linkedin.com/jobs/view/in%C5%BEenjer-saradnik-za-crm-podr%C5%A1ku-at-faculty-of-electrical-engineering-university-of-east-sarajevo-4449101945,Inženjer saradnik za CRM podršku,,scraped,2026-08-07T19:03:07.570406,
15173f1eb09b94ef,https://ba.linkedin.com/jobs/view/desktop-support-engineer-l1-at-sharp-brains-4448733642,Desktop Support Engineer L1,,scraped,2026-08-07T19:04:12.887056,
d36486426d924c43,https://ba.linkedin.com/jobs/view/glavni-elektro-in%C5%BEenjer-u-sektoru-tehni%C4%8Dke-podr%C5%A1ke-odr%C5%BEavanju-at-faculty-of-electrical-engineering-university-of-east-sarajevo-4449119021,Glavni elektro inženjer u sektoru tehničke podrške održavanju,,scraped,2026-08-07T19:04:37.731058,
4f9e2265d842dd38,https://ba.linkedin.com/jobs/view/operations-marketing-intern-at-stranger-soccer-4448153509,Operations & Marketing Intern,,scraped,2026-08-07T19:04:45.182939,
5c247c6360c6e776,https://ba.linkedin.com/jobs/view/market-and-liquidity-risk-senior-consultant-manager-at-deloitte-4400842852,Market and Liquidity Risk Senior Consultant/Manager,Deloitte,failed|wp_post_failed,2026-08-07T20:43:42.335779,
6b89aa44e09dcd60,https://ba.linkedin.com/jobs/view/full-stack-developer-at-deeops-4448792189,Full Stack Developer,,scraped,2026-08-07T20:44:02.946362,
e80996f2b77e5eba,https://ba.linkedin.com/jobs/view/it-associate-service-manager-incident-management-at-deloitte-4417967308,IT Associate Service Manager - Incident Management,Deloitte,failed|wp_post_failed,2026-08-07T20:46:23.841039,
17a472cd4b88f23a,https://ba.linkedin.com/jobs/view/direct-response-copywriter-editor-at-wisevu-4448199930,Direct Response Copywriter/Editor,Wisevu,failed|wp_post_failed,2026-08-07T20:46:55.922668,
2c9c5f528738fd02,https://ba.linkedin.com/jobs/view/machine-learning-engineer-m-f-d-overhead-line-monitoring-at-siemens-energy-4370699292,Machine Learning Engineer (m/f/d) Overhead Line Monitoring,Siemens Energy,failed|wp_post_failed,2026-08-07T20:47:13.619724,
387ce5ac9c755bf9,https://ba.linkedin.com/jobs/view/in%C5%BEenjer-elektro-poslova-at-faculty-of-electrical-engineering-university-of-east-sarajevo-4449113069,Inženjer elektro poslova,,scraped,2026-08-07T20:47:16.147501,
23b9276f30886c5b,https://ba.linkedin.com/jobs/view/in%C5%BEinjer-saradnik-samostalni-in%C5%BEinjer-at-faculty-of-electrical-engineering-university-of-east-sarajevo-4449105292,"Inžinjer saradnik, Samostalni inžinjer",,scraped,2026-08-07T20:47:34.948802,
f36a31168c247817,https://ba.linkedin.com/jobs/view/principal-ai-solution-architect-at-avenga-water-well-service-llc-4450610321,Principal AI Solution Architect,"Avenga Water Well Service, LLC",failed|wp_post_failed,2026-08-07T20:48:03.575013,
bf976c60fc7c2a53,https://ba.linkedin.com/jobs/view/desktop-support-technician-at-sharp-brains-solutions-4448744600,Desktop Support Technician,,scraped,2026-08-07T20:48:24.189378,
4a47fd560ac3117f,https://ba.linkedin.com/jobs/view/bosnien-biha%C4%87-at-internationale-freiwilligeneins%C3%A4tze-4449047126,"Bosnien, Bihać",,scraped,2026-08-07T22:38:13.578945,
eda0d17f5a65fdf3,https://ba.linkedin.com/jobs/view/nadzor-nad-projektima-at-faculty-of-electrical-engineering-university-of-east-sarajevo-4449122009,Nadzor nad projektima,,scraped,2026-08-07T22:38:53.446175,
f65b196aabf20160,https://ba.linkedin.com/jobs/view/rukovodilac-slu%C5%BEbe-za-upravljanje-mjernim-podacima-at-faculty-of-electrical-engineering-university-of-east-sarajevo-4449101943,Rukovodilac Službe za upravljanje mjernim podacima,,scraped,2026-08-07T22:39:37.570122,
d2fbfe6045d0e767,https://ba.linkedin.com/jobs/view/international-long-term-expert-%E2%80%93-countering-terrorism-and-prevention-of-violent-extremism-at-center-for-international-legal-cooperation-4450076408,International Long Term Expert – Countering Terrorism and Prevention of Violent Extremism,,scraped,2026-08-07T22:39:48.350456,
7219c2dab9bef6a0,https://ba.linkedin.com/jobs/view/kantonale-verwaltung-at-amt-f%C3%BCr-wirtschaft-kanton-z%C3%BCrich-4450784950,Kantonale Verwaltung,,scraped,2026-08-08T01:43:02.451984,
4a655dff5e3804dc,https://ba.linkedin.com/jobs/view/production-manager-at-peaceful-way-o%C3%BC-4450577489,Production Manager,,scraped,2026-08-08T04:59:54.698260,
f93fd0b69b10a339,https://ba.linkedin.com/jobs/view/full-stack-developer-at-faculty-of-electrical-engineering-university-of-east-sarajevo-4449120004,Full stack developer,,scraped,2026-08-08T05:01:25.267132,
cab12e3e8e84ec2a,https://ba.linkedin.com/jobs/view/bosnia-and-herzegovina-at-teamed-4451051878,Bosnia And Herzegovina,,scraped,2026-08-08T08:43:19.974820,
e9f94520593a790c,https://ba.linkedin.com/jobs/view/in%C5%BEinjer-projektant-at-faculty-of-electrical-engineering-university-of-east-sarajevo-4449105354,Inžinjer projektant,,scraped,2026-08-08T08:46:30.545196,
c5d4508801e7db46,https://ba.linkedin.com/jobs/view/in%C5%BEenjer-za-relejnu-za%C5%A1titu-at-faculty-of-electrical-engineering-university-of-east-sarajevo-4449108210,Inženjer za relejnu zaštitu,,scraped,2026-08-08T08:46:49.913625,
0b071c324c7c5d6f,https://ba.linkedin.com/jobs/view/distribution-and-measurement-executive-at-faculty-of-electrical-engineering-university-of-east-sarajevo-4449112076,Distribution and measurement executive,,scraped,2026-08-08T10:36:09.299883,
f5ee354ef4f57a98,https://ba.linkedin.com/jobs/view/business-development-manager-at-faculty-of-electrical-engineering-university-of-east-sarajevo-4448998962,Business development manager,,scraped,2026-08-08T10:36:34.695369,
063b6bd08a57b732,https://ba.linkedin.com/jobs/view/strucni-saradnik-u-nastavi-at-faculty-of-electrical-engineering-university-of-east-sarajevo-4449105356,strucni saradnik u nastavi,,scraped,2026-08-08T10:37:58.539827,
27350f00b83e8e87,https://ba.linkedin.com/jobs/view/senior-system-designer-m-f-d-transformer-monitoring-at-siemens-energy-4403952163,Senior System Designer (m/f/d) Transformer Monitoring,Siemens Energy,failed|wp_post_failed,2026-08-08T10:39:22.900232,
dd43e913aa77ba31,https://ba.linkedin.com/jobs/view/mechanician-at-carmeuse-4373557972,Mechanician,,scraped,2026-08-08T12:50:47.928020,
50c3a36cb713fa3c,https://ba.linkedin.com/jobs/view/rukovodilac-maloprodajnog-objekta-sinsay-tomislavgrad-at-lpp-bh-4448906080,Rukovodilac maloprodajnog objekta - Sinsay Tomislavgrad,,scraped,2026-08-08T12:50:55.507651,
51b289e4dfa15ab3,https://ba.linkedin.com/jobs/view/junior-anaplan-developer-at-deloitte-4430623429,Junior Anaplan Developer,Deloitte,failed|wp_post_failed,2026-08-08T12:51:22.306732,
e441574af4dbdef3,https://ba.linkedin.com/jobs/view/accounting-associate-at-jitasa-in-bosnia-herzegovina-4448090329,Accounting Associate,Jitasa in Bosnia &amp; Herzegovina,failed|wp_post_failed,2026-08-08T12:51:40.790739,
f59983fe96c19000,https://ba.linkedin.com/jobs/view/account-manager-at-royal-york-property-management-4445873250,Account Manager,,scraped,2026-08-08T12:51:43.448275,
117773f0fc71fe6e,https://ba.linkedin.com/jobs/view/business-development-representative-4448424267,Business Development Representative,Dtg global,failed|wp_post_failed,2026-08-08T12:52:03.461183,
60ac5ee216ea8412,https://ba.linkedin.com/jobs/view/home-office-kundenberater-m-w-d-f%C3%BCr-ein-renommiertes-schuhunternehmen-at-telus-digital-4448306166,Home Office Kundenberater (m/w/d) für ein renommiertes Schuhunternehmen,,scraped,2026-08-08T12:52:46.176742,
97277a5b9fc8dc0e,https://ba.linkedin.com/jobs/view/forward-deployed-engineer-at-atlas-the-recruitment-platform-4447581710,Forward Deployed Engineer,,scraped,2026-08-08T12:52:53.199645,
09834e88237a62d5,https://ba.linkedin.com/jobs/view/senior-account-manager-at-designrush-4446760725,Senior Account Manager,DesignRush,failed|wp_post_failed,2026-08-08T12:53:19.220520,
95461522196766be,https://ba.linkedin.com/jobs/view/product-designer-at-provectus-4449473414,Product Designer,Provectus,failed|wp_post_failed,2026-08-08T12:53:36.186256,
ca3819a0d9f15ecf,https://ba.linkedin.com/jobs/view/virtual-assistant-at-founders-arm-4448852987,Virtual Assistant,Founders Arm,failed|wp_post_failed,2026-08-08T12:53:53.346933,
236399b8430ad665,https://ba.linkedin.com/jobs/view/mechanical-engineer-at-muehlbauer-group-bih-4448762500,Mechanical Engineer,,scraped,2026-08-08T12:53:55.766456,
b6f217684e06c054,https://ba.linkedin.com/jobs/view/sports-data-collector-football-doboj-bosnia-and-herzegovina-at-genius-sports-4437635205,"Sports Data Collector (Football) - Doboj, Bosnia and Herzegovina",,scraped,2026-08-08T12:54:04.146506,
e0b88e63fcfdfcbf,https://ba.linkedin.com/jobs/view/ux-ui-trainee-at-provectus-4449022211,UX/UI Trainee,Provectus,failed|wp_post_failed,2026-08-08T12:54:25.068513,
c2686e54bd749f1c,https://ba.linkedin.com/jobs/view/national-sales-specialist-at-egbizns-business-solutions-4451023721,National Sales Specialist,EGBIZNS-Business Solutions,failed|wp_post_failed,2026-08-08T12:54:43.727461,
082ac078e60a5cfb,https://ba.linkedin.com/jobs/view/asistent-at-faculty-of-electrical-engineering-university-of-east-sarajevo-4449123028,asistent,,scraped,2026-08-08T12:54:52.174787,
6b33019db465c869,https://ba.linkedin.com/jobs/view/stru%C4%8Dni-savjetnik-za-razvoj-baza-podataka-at-faculty-of-electrical-engineering-university-of-east-sarajevo-4449116112,Stručni savjetnik za razvoj baza podataka,,scraped,2026-08-08T12:55:01.250222,
cf6b40b7534f9f0f,https://ba.linkedin.com/jobs/view/vi%C5%A1i-asistent-at-faculty-of-electrical-engineering-university-of-east-sarajevo-4449104930,Viši asistent,,scraped,2026-08-08T12:55:13.658200,
cab4fe7bf03e38ed,https://ba.linkedin.com/jobs/view/%C5%A1ef-odsjeka-za-razvoj-projekata-i-saradnju-sa-me%C4%91unarodnim-institucijama-at-faculty-of-electrical-engineering-university-of-east-sarajevo-4449120082,Šef odsjeka za razvoj projekata i saradnju sa međunarodnim institucijama,,scraped,2026-08-08T12:55:21.915841,
c43e5011020c9800,https://ba.linkedin.com/jobs/view/stru%C4%8Dni-saradnik-za-informati%C4%8Dku-bezbjednost-at-faculty-of-electrical-engineering-university-of-east-sarajevo-4449106382,Stručni saradnik za informatičku bezbjednost,,scraped,2026-08-08T12:55:29.361199,
4d2f4ebc5fe1f4a8,https://ba.linkedin.com/jobs/view/product-designer-at-nova-dev-4448905855,Product Designer,nova dev,failed|wp_post_failed,2026-08-08T12:56:10.506247,
d325bc087cb24b18,https://ba.linkedin.com/jobs/view/profesor-predmeta-elektro-struke-at-faculty-of-electrical-engineering-university-of-east-sarajevo-4449111143,Profesor predmeta elektro struke,,scraped,2026-08-08T12:56:13.105908,
72edfa78197c6045,https://ba.linkedin.com/jobs/view/samostalni-projektant-u-odjelu-za-hidroenergetska-postrojenja-at-faculty-of-electrical-engineering-university-of-east-sarajevo-4449114110,Samostalni projektant u odjelu za hidroenergetska postrojenja,,scraped,2026-08-08T12:56:19.706227,
5b221dd134a43b91,https://ba.linkedin.com/jobs/view/kantonale-verwaltung-at-amt-f%C3%BCr-wirtschaft-kanton-z%C3%BCrich-4451072429,Kantonale Verwaltung,,scraped,2026-08-08T14:32:55.745833,
6eb5c3449f08a751,https://ba.linkedin.com/jobs/view/procurement-specialist-at-personify-health-4433885493,Procurement Specialist,Personify Health,failed|wp_post_failed,2026-08-08T14:33:26.556023,
1837ccd0a7ebf013,https://ba.linkedin.com/jobs/view/national-project-advisor-m-f-at-dekra-arbeit-group-bosnia-and-herzegovina-4446619079,National Project Advisor (m/f),,scraped,2026-08-08T14:33:49.263045,
8401f05dcc79f7e0,https://ba.linkedin.com/jobs/view/azure-devops-engineer-at-avenga-4440847045,Azure DevOps Engineer,,scraped,2026-08-08T14:33:58.478803,
dfc1a38e0479c275,https://ba.linkedin.com/jobs/view/customer-success-manager-at-nova-dev-4448907678,Customer Success Manager,nova dev,failed|wp_post_failed,2026-08-08T14:34:21.841549,
807cb2c623df2646,https://ba.linkedin.com/jobs/view/senior-product-manager-at-toptal-4448685085,Senior Product Manager,Toptal,failed|wp_post_failed,2026-08-08T14:34:52.456908,
3b1b2fd97c5763e2,https://ba.linkedin.com/jobs/view/senior-police-advisor-26-52-at-creative-corrections-llc-4448631785,Senior Police Advisor (26-52),"Creative Corrections, LLC",failed|wp_post_failed,2026-08-08T14:35:10.035919,
cb5e88d44ff1381a,https://ba.linkedin.com/jobs/view/senior-pharmacovigilance-officer-team-lead-case-processing-manager-medical-device-experience-needed-at-primevigilance-4450277914,"Senior Pharmacovigilance Officer, Team Lead/ Case Processing Manager- Medical Device experience needed",,scraped,2026-08-08T14:35:12.638928,
d6f5bb1abcd6dfd2,https://ba.linkedin.com/jobs/view/hardware-engineer-m-f-d-embedded-system-design-at-siemens-energy-4370656261,Hardware Engineer (m/f/d) Embedded System Design,Siemens Energy,failed|wp_post_failed,2026-08-08T14:36:11.992341,
e4e0b4cf778d862c,https://ba.linkedin.com/jobs/view/home-office-sachbearbeiter-m-w-d-f%C3%BCr-einen-bekannten-deutschen-energieversorger-at-telus-digital-4448187464,Home Office Sachbearbeiter (m/w/d) für einen bekannten deutschen Energieversorger,,scraped,2026-08-08T14:36:14.603402,
d005810805055e08,https://ba.linkedin.com/jobs/view/linux-administrator-at-avenga-4442164596,Linux Administrator,,scraped,2026-08-08T16:35:15.093406,
9b28abf8b7e364e3,https://ba.linkedin.com/jobs/view/ai-security-red-team-experts-at-404-founders-4448041522,AI Security & Red-Team Experts,404 Founders,failed|wp_post_failed,2026-08-08T16:36:16.002843,
793a66678e84bad0,https://ba.linkedin.com/jobs/view/adversarial-testing-toolkit-engineer-at-404-founders-4449263140,Adversarial Testing Toolkit Engineer,404 Founders,failed|wp_post_failed,2026-08-08T16:36:45.755126,
a681b835a30f6f4b,https://ba.linkedin.com/jobs/view/procurement-specialist-at-personify-health-4433886465,Procurement Specialist,Personify Health,failed|wp_post_failed,2026-08-08T18:38:54.600864,
4a741acd7eadac4d,https://ba.linkedin.com/jobs/view/senior-marketing-strategist-at-capslock-4449645739,Senior Marketing Strategist,,scraped,2026-08-08T18:39:15.263325,
27f594ede693525f,https://ba.linkedin.com/jobs/view/devops-engineer-for-substation-automation-software-f-m-d-at-siemens-energy-4440782008,DevOps Engineer for Substation Automation Software (f/m/d),Siemens Energy,failed|wp_post_failed,2026-08-08T18:39:38.216954,
22f5b7cf6c7343d2,https://ba.linkedin.com/jobs/view/regional-finance-specialist-at-infobip-4433234473,Regional Finance Specialist,,scraped,2026-08-08T18:39:40.831732,
6921c635a147a7f5,https://ba.linkedin.com/jobs/view/marketing-design-team-lead-at-capslock-4449008189,Marketing Design Team Lead,,scraped,2026-08-08T18:39:47.443599,
179794c93b20f14b,https://ba.linkedin.com/jobs/view/prodava%C4%8D-at-as-holding-4448572909,Prodavač,,scraped,2026-08-08T18:39:53.584957,
97111f3525a47f77,https://ba.linkedin.com/jobs/view/voditelj-slu%C5%A1nog-centra-saradnik-u-prodaji-m-%C5%BE-s-ilidza-ba-at-neuroth-4442621824,"Voditelj slušnog centra - saradnik u prodaji (m/ž/s), Ilidza (BA)",Neuroth,failed|wp_post_failed,2026-08-08T18:40:22.749519,
f6e095dd97d5717b,https://ba.linkedin.com/jobs/view/marketing-manager-at-peoplique-hr-solutions-4448583469,Marketing Manager,,scraped,2026-08-08T18:40:25.446011,
f8b839396d17bfef,https://ba.linkedin.com/jobs/view/junior-b2b-sdr-at-hireua-4446231892,Junior B2B SDR,,scraped,2026-08-08T18:40:36.739156,
09c3ece10af299d9,https://ba.linkedin.com/jobs/view/home-office-sachbearbeiter-m-w-d-f%C3%BCr-einen-bekannten-deutschen-energieversorger-at-telus-digital-4448190945,Home Office Sachbearbeiter (m/w/d) für einen bekannten deutschen Energieversorger,,scraped,2026-08-08T18:40:43.474082,
550fb7242f0def90,https://ba.linkedin.com/jobs/view/sertifikovani-ra%C4%8Dunovo%C4%91a-at-alphabet-group-4448400483,Sertifikovani računovođa,,scraped,2026-08-08T18:40:50.142182,
6848644e30076f48,https://ba.linkedin.com/jobs/view/google-cloud-platform-architect-remote-work-at-bairesdev-4447999046,Google Cloud Platform Architect - Remote Work,BairesDev,failed|wp_post_failed,2026-08-08T18:41:12.742442,
8a2e2cd10fbff2a3,https://ba.linkedin.com/jobs/view/ubuntu-linux-user-for-ai-data-training-at-sme-careers-4431344292,Ubuntu/Linux User for AI Data Training,SME Careers,failed|wp_post_failed,2026-08-08T18:41:48.855701,
24ef2c5cd98a42e1,https://ba.linkedin.com/jobs/view/operations-marketing-intern-at-stranger-soccer-4448159483,Operations & Marketing Intern,,scraped,2026-08-08T18:41:51.545457,
85156d74121a3cd4,https://ba.linkedin.com/jobs/view/aquafit-instructor-for-seniors-at-live-2-b-healthy-of-chattanooga-4449269068,Aquafit Instructor for Seniors,Live 2 B Healthy of Chattanooga,failed|wp_post_failed,2026-08-08T18:42:14.986669,
2f25acf427b3b16e,https://ba.linkedin.com/jobs/view/vendor-management-governance-lead-at-personify-health-4433888400,Vendor Management Governance Lead,Personify Health,failed|wp_post_failed,2026-08-08T18:42:34.473100,
149a589467a21f84,https://ba.linkedin.com/jobs/view/vendor-management-governance-lead-at-personify-health-4433876808,Vendor Management Governance Lead,Personify Health,failed|wp_post_failed,2026-08-08T18:42:53.527842,
f18e40f71f6f0a54,https://ba.linkedin.com/jobs/view/mid-market-account-executive-german-speaker-at-infobip-4441102213,Mid Market Account Executive (German Speaker),,scraped,2026-08-08T18:43:04.263340,
5172b035d125f762,https://ba.linkedin.com/jobs/view/swiss-german-customer-care-specialist-at-taskus-4438752961,Swiss German Customer Care Specialist,TaskUs,failed|wp_post_failed,2026-08-08T20:32:29.696594,
cda60bba0b945f66,https://ba.linkedin.com/jobs/view/associate-business-analyst-at-personify-health-4450289300,Associate Business Analyst,Personify Health,failed|wp_post_failed,2026-08-08T20:33:01.855029,
579e760d7d7790fa,https://ba.linkedin.com/jobs/view/full-stack-developer-laravel-12-vue-3-at-illuminos-solutions-4449290600,Full-Stack Developer (Laravel 12 / Vue 3),Illuminos Solutions,failed|wp_post_failed,2026-08-09T06:59:25.116280,
bceef4fcd00b6fd9,https://ba.linkedin.com/jobs/view/audit-consultant-at-deloitte-4382578985,Audit Consultant,Deloitte,failed|wp_post_failed,2026-08-09T10:36:24.373121,
d16e4d3d38bbcfae,https://ba.linkedin.com/jobs/view/audit-consultant-at-deloitte-4382599168,Audit Consultant,Deloitte,failed|wp_post_failed,2026-08-09T10:36:44.460244,
a2e0acaf62ac5738,https://ba.linkedin.com/jobs/view/kantonale-verwaltung-at-amt-f%C3%BCr-wirtschaft-kanton-z%C3%BCrich-4451336815,Kantonale Verwaltung,,scraped,2026-08-09T12:52:29.962447,
6adb73a7a5b547bc,https://ba.linkedin.com/jobs/view/ai-safety-practitioner-expert-evaluator-at-mercor-4442495912,AI Safety Practitioner - Expert Evaluator,Mercor,failed|wp_post_failed,2026-08-09T12:53:59.738464,
4d2d63cd99cb114d,https://ba.linkedin.com/jobs/view/ai-safety-red-teamer-expert-at-mercor-4442512088,AI Safety Red Teamer Expert,Mercor,failed|wp_post_failed,2026-08-09T12:54:16.417279,
c5faced5f91c9ff7,https://ba.linkedin.com/jobs/view/senior-business-analyst-product-owner-at-avenga-4415809479,Senior Business Analyst / Product Owner,,scraped,2026-08-09T14:37:23.700138,
97a48ec597ed4aba,https://ba.linkedin.com/jobs/view/senior-payroll-associate-bosnia-herzegovina-at-deel-4449542860,Senior Payroll Associate | Bosnia & Herzegovina,Deel,failed|wp_post_failed,2026-08-10T09:24:20.169818,
f7a4fb41fa4d01b5,https://ba.linkedin.com/jobs/view/sales-development-representative-ent-cee-baltics-at-deel-4449550379,"Sales Development Representative, ENT | CEE&Baltics",Deel,failed|wp_post_failed,2026-08-10T09:24:37.910613,
4fd87bf02f74a07f,https://ba.linkedin.com/jobs/view/intern-in-travel-team-at-infobip-4451122133,Intern in Travel Team,,scraped,2026-08-10T09:25:46.580430,
9bbbc978b4e576d6,https://ba.linkedin.com/jobs/view/lead-qa-engineer-at-atlantbh-4451397732,Lead QA Engineer,Atlantbh,failed|wp_post_failed,2026-08-10T09:26:18.389712,
54b1556119a02658,https://ba.linkedin.com/jobs/view/system-engineer-at-ntt-data-europe-latam-4449571023,System Engineer,NTT DATA Europe & Latam,failed|wp_post_failed,2026-08-10T11:11:07.725829,
4b6244314e63f2e8,https://ba.linkedin.com/jobs/view/brand-manager-at-tool-experts-d-o-o-4449566316,Brand Manager,,scraped,2026-08-10T13:10:02.780829,
f95365211e442156,https://ba.linkedin.com/jobs/view/mep-vdc-specialist-%E2%80%93-bim-services-at-clipcon-recruitment-employer-branding-4449542590,MEP VDC SPECIALIST – BIM Services,,scraped,2026-08-10T13:12:39.811057,
ab7a9e876ce0964d,https://ba.linkedin.com/jobs/view/product-line-sales-manager-servers-storage-at-asbis-adriatic-4449563522,Product Line Sales Manager (Servers & Storage),,scraped,2026-08-10T13:13:05.197951,
cdb177ee74e18297,https://ba.linkedin.com/jobs/view/project-manager-sales-and-festival-eexecutive-at-taskovski-films-4449557477,Project Manager / Sales and Festival Eexecutive,,scraped,2026-08-10T13:13:16.325665,
0cd640af94024f60,https://ba.linkedin.com/jobs/view/legal-specialist-at-innodata-inc-4449564704,Legal Specialist,Innodata Inc.,failed|wp_post_failed,2026-08-10T13:13:46.221897,
eeb5421e58071457,https://ba.linkedin.com/jobs/view/sales-development-representative-smb-cee-baltics-at-deel-4449545691,"Sales Development Representative, SMB | CEE&Baltics",Deel,failed|wp_post_failed,2026-08-10T13:14:14.402618,
97124e0da13eae15,https://ba.linkedin.com/jobs/view/senior-qa-engineer-at-atlantbh-4451502434,Senior QA Engineer,,scraped,2026-08-10T13:14:29.020163,
0f7e751fc02446b5,https://ba.linkedin.com/jobs/view/devops-engineer-ai-model-evaluator-at-mercor-4451382599,DevOps Engineer - AI Model Evaluator,Mercor,failed|wp_post_failed,2026-08-10T13:15:00.393314,
782283574710a472,https://ba.linkedin.com/jobs/view/kantonale-verwaltung-at-amt-f%C3%BCr-wirtschaft-kanton-z%C3%BCrich-4451515970,Kantonale Verwaltung,,scraped,2026-08-10T14:59:43.928753,
ece11803a337e33c,https://ba.linkedin.com/jobs/view/junior-iam-engineer-at-cape-ann-enterprises-4451190740,Junior IAM Engineer,Cape Ann Enterprises,failed|wp_post_failed,2026-08-10T15:00:48.421513,
233475ec21dc1c59,https://ba.linkedin.com/jobs/view/executive-assistant-%E2%80%93-finance-business-development-public-relations-at-binhaider-enterprises-4449583150,"Executive Assistant – Finance, Business Development & Public Relations",,scraped,2026-08-10T15:00:55.062951,
bc505bfbe6c491d8,https://ba.linkedin.com/jobs/view/prodajni-predstavnik-salon-professional-at-orbico-croatia-4451554549,Prodajni predstavnik Salon Professional,,scraped,2026-08-10T16:55:49.182133,
a9b2f3b95bafd61a,https://ba.linkedin.com/jobs/view/senior-ai-engineer-at-avenga-4359325062,Senior AI Engineer,,scraped,2026-08-10T16:56:31.964646,
00861644d5a16e64,https://ba.linkedin.com/jobs/view/product-manager-f-m-d-for-portable-devices-and-sensors-at-siemens-energy-4451409666,Product Manager (f/m/d) for Portable Devices and Sensors,Siemens Energy,failed|wp_post_failed,2026-08-10T18:59:20.463027,
693bfa466c4c3d4e,https://ba.linkedin.com/jobs/view/talent-coach-at-toptal-4451867741,Talent Coach,Toptal,failed|wp_post_failed,2026-08-10T20:44:14.802777,
104a28e249e618ae,https://ba.linkedin.com/jobs/view/sales-growth-intern-aeo-saas-at-aeo-audit-pro-4449807339,Sales & Growth Intern (AEO / SaaS),,scraped,2026-08-10T20:45:03.392860,
17ee007eb31e6620,https://ba.linkedin.com/jobs/view/frontend-team-lead-at-jack-westin-4451862233,Frontend Team Lead,Jack Westin,failed|wp_post_failed,2026-08-10T22:39:20.687646,
a7bc91a553780266,https://ba.linkedin.com/jobs/view/browser-automation-engineer-specialist-python-at-3hrsome-4449563035,Browser Automation Engineer / Specialist (Python),3HRsome,failed|wp_post_failed,2026-08-10T22:39:54.449449,
3e017f736c4398be,https://ba.linkedin.com/jobs/view/stop-loss-specialist-at-personify-health-4451464394,Stop Loss Specialist,Personify Health,failed|wp_post_failed,2026-08-11T01:48:53.412783,
5d8456a90ff12222,https://ba.linkedin.com/jobs/view/backend-developer-at-sports-careers-4451476344,Backend Developer,Sports Careers,failed|wp_post_failed,2026-08-11T01:49:39.824018,
5482b6933f1a9df1,https://ba.linkedin.com/jobs/view/technical-seo-specialist-at-jack-westin-4451867129,Technical SEO Specialist,Jack Westin,failed|wp_post_failed,2026-08-11T01:50:32.596089,
8e22690a977a8a89,https://ba.linkedin.com/jobs/view/payroll-associate-german-at-deel-4449543849,Payroll Associate | German,Deel,failed|wp_post_failed,2026-08-11T01:50:59.318880,
1647252e8e995243,https://ba.linkedin.com/jobs/view/backend-developer-at-sportradar-4449556968,Backend Developer,,scraped,2026-08-11T01:51:19.922382,
1902d4f8721f85a4,https://ba.linkedin.com/jobs/view/payroll-associate-german-at-deel-4449541905,Payroll Associate | German,Deel,failed|wp_post_failed,2026-08-11T03:47:25.999005,
8982e75c6959648b,https://ba.linkedin.com/jobs/view/sales-managers-revops-ai-training-at-braintrust-4452184785,Sales Managers / RevOps - AI Training,Braintrust,failed|wp_post_failed,2026-08-11T07:11:17.670453,
c0dd7c2803651bde,https://ba.linkedin.com/jobs/view/remote-senior-frontend-developer-vue-js-webflow-at-orange-uni-4452417218,"Remote Senior Frontend Developer (Vue.js, Webflow)",Orange Uni,failed|wp_post_failed,2026-08-11T10:52:52.321899,
c18f135924d570c2,https://ba.linkedin.com/jobs/view/financial-investment-analysts-ai-training-at-braintrust-4452197583,Financial & Investment Analysts - AI Training,Braintrust,failed|wp_post_failed,2026-08-11T10:53:13.455823,
d5bc89431aaea1e9,https://ba.linkedin.com/jobs/view/kantonale-verwaltung-at-amt-f%C3%BCr-wirtschaft-kanton-z%C3%BCrich-4452458062,Kantonale Verwaltung,,scraped,2026-08-11T13:07:15.019381,
ee7ae202a53aebce,https://ba.linkedin.com/jobs/view/referent-unutra%C5%A1nje-prodaje-sachbearbeitung-vertriebsinnendienst-at-aluplast-austria-gmbh-4451651264,Referent unutrašnje prodaje | Sachbearbeitung Vertriebsinnendienst,,scraped,2026-08-11T13:08:11.802168,
e46f3a7bfbf335a5,https://ba.linkedin.com/jobs/view/roster-driver-at-undp-careers-4452469417,Roster Driver,UNDP Careers,failed|wp_post_failed,2026-08-11T14:59:04.435569,
caaa2fff1ced4743,https://ba.linkedin.com/jobs/view/carrier-sales-representative-at-modelkite-inc-4440302283,Carrier Sales Representative,,scraped,2026-08-11T19:04:06.925996,
23698373161dbdbf,https://ba.linkedin.com/jobs/view/executive-assistant-at-quotapro-4449867111,Executive Assistant,,scraped,2026-08-11T19:04:50.100575,
ed3e86e8bb13980f,https://ba.linkedin.com/jobs/view/prodavac-sinsay-kiseljak-at-lpp-bh-4451930257,Prodavac - Sinsay Kiseljak,,scraped,2026-08-11T19:05:00.528743,
4bba7c601442f241,https://ba.linkedin.com/jobs/view/prodavac-sinsay-kiseljak-at-lpp-bh-4449871746,Prodavac - Sinsay Kiseljak,,scraped,2026-08-11T19:05:07.760295,
9114199e3d7d8b67,https://ba.linkedin.com/jobs/view/devops-engineer-at-nova-dev-4448916490,DevOps Engineer,nova dev,failed|wp_post_failed,2026-08-11T22:43:17.904123,
9d55bc38b63d3019,https://ba.linkedin.com/jobs/view/mid-level-graphic-designer-at-obsidian-4449550733,Mid-level Graphic Designer,,scraped,2026-08-11T22:44:10.815644,
ee6dc3941aaf51d0,https://ba.linkedin.com/jobs/view/account-executives-b2b-ai-training-at-braintrust-4452188786,Account Executives (B2B) - AI Training,Braintrust,failed|wp_post_failed,2026-08-11T22:44:51.469998,
0987e012d43b74e6,https://ba.linkedin.com/jobs/view/test-automation-engineer-at-avenga-4452672284,Test Automation Engineer,,scraped,2026-08-11T22:44:58.257451,
65ae2580add80178,https://ba.linkedin.com/jobs/view/senior-ai-ml-red-team-specialist-at-404-founders-4449593047,Senior AI/ML Red-Team Specialist,404 Founders,failed|wp_post_failed,2026-08-12T02:03:06.571196,
184cd8e5eb3c9367,https://ba.linkedin.com/jobs/view/sales-management-revops-ai-training-project-at-gramian-consulting-4452436597,Sales Management & RevOps - AI Training Project,,scraped,2026-08-12T02:03:27.164399,
d6d65ea8999d8fda,https://ba.linkedin.com/jobs/view/best-designs-operations-specialist-at-designrush-4452462061,Best Designs Operations Specialist,DesignRush,failed|wp_post_failed,2026-08-12T04:16:30.732695,
692a9610a3148bc3,https://ba.linkedin.com/jobs/view/sarajevo-cabin-crew-opportunities-dubai-based-relocation-provided-at-emirates-4453065126,"Sarajevo Cabin Crew Opportunities (Dubai Based, Relocation Provided)",Emirates,failed|wp_post_failed,2026-08-12T04:18:02.696282,
ad097d5c3660a464,https://ba.linkedin.com/jobs/view/medior-qa-engineer-at-atlantbh-4451509237,Medior QA Engineer,,scraped,2026-08-12T04:18:17.361650,
7e424a7ef0a6b1e2,https://ba.linkedin.com/jobs/view/senior-net-engineer-at-avenga-4452459995,Senior .NET Engineer,,scraped,2026-08-12T04:19:04.946910,
c8674072926f4953,https://ba.linkedin.com/jobs/view/devops-engineer-2-at-atlantbh-4448733560,DevOps Engineer (2),Atlantbh,failed|wp_post_failed,2026-08-12T07:27:08.387675,
c4f0cb3148ca266b,https://ba.linkedin.com/jobs/view/backend-developer-at-sportradar-4451532879,Backend Developer,,scraped,2026-08-12T07:27:11.028443,
c23806689f56b47b,https://ba.linkedin.com/jobs/view/test-automation-engineer-at-avenga-water-well-service-llc-4452614114,Test Automation Engineer,"Avenga Water Well Service, LLC",failed|wp_post_failed,2026-08-12T07:27:47.636897,
798ced76392f3953,https://ba.linkedin.com/jobs/view/senior-ai-trainer-financial-investment-analysts-at-braintrust-4452178934,"Senior AI Trainer, Financial & Investment Analysts",Braintrust,failed|wp_post_failed,2026-08-12T07:28:44.058075,
671654865ab023a6,https://ba.linkedin.com/jobs/view/referent-prodaje-sachbearbeitung-vertriebsinnendienst-at-aluplast-austria-gmbh-4451651264,Referent prodaje | Sachbearbeitung Vertriebsinnendienst,,scraped,2026-08-12T09:13:20.949431,
974274dd704a7d79,https://ba.linkedin.com/jobs/view/senior-information-technology-business-analyst-remote-at-orange-uni-4452412427,Senior Information Technology Business Analyst (Remote),Orange Uni,failed|wp_post_failed,2026-08-12T11:02:32.398799,
c9b93314360dd4a7,https://ba.linkedin.com/jobs/view/kantonale-verwaltung-at-amt-f%C3%BCr-wirtschaft-kanton-z%C3%BCrich-4453111282,Kantonale Verwaltung,,scraped,2026-08-12T13:11:24.106475,
965c70c3e2617b37,https://ba.linkedin.com/jobs/view/freight-coordinator-at-nexgen-bpo-4450137465,Freight Coordinator,Nexgen BPO,failed|wp_post_failed,2026-08-12T13:11:59.777760,
519966219fd1adc7,https://ba.linkedin.com/jobs/view/bim-consultant-mep-engineer-hybrid-at-walter-aec-4450147197,"BIM Consultant, MEP engineer (Hybrid)",,scraped,2026-08-12T13:12:26.423686,
29ba214cbea8f0f4,https://ba.linkedin.com/jobs/view/senior-director-executive-director-medical-writing-at-primevigilance-4443751087,Senior Director / Executive Director Medical Writing,,scraped,2026-08-12T13:12:35.806102,
6fb7b7f2413fb0d2,https://ba.linkedin.com/jobs/view/qa-engineer-test-automation-playwright-cypress-at-bloomteq-4450139259,QA Engineer - Test Automation (Playwright / Cypress),,scraped,2026-08-12T13:12:54.401033,
28b0245b2427dc1c,https://ba.linkedin.com/jobs/view/funded-traineeships-for-young-graduates-at-the-eu-delegation-to-bosnia-and-herzegovina-various-sections-at-eubam-libya-4451319280,Funded traineeships for young graduates at the EU Delegation to Bosnia and Herzegovina - Various sections,,scraped,2026-08-12T13:13:14.987966,
365b99e4981ba9e6,https://ba.linkedin.com/jobs/view/electrician-at-carmeuse-4416080895,Electrician,,scraped,2026-08-12T14:58:38.993424,
aee96cb81283fa8c,https://ba.linkedin.com/jobs/view/remote-digital-lab-assistant-at-quotapro-4450123335,Remote Digital Lab Assistant,,scraped,2026-08-12T14:59:04.130967,
e5c94a76a0da47cf,https://ba.linkedin.com/jobs/view/head-of-wholesale-business-sales-cpaas-sms-at-cequens-4453123232,Head of Wholesale - Business Sales (CPaaS/SMS),,scraped,2026-08-12T14:59:28.483838,
6f48dbd4360d7d72,https://ba.linkedin.com/jobs/view/customer-support-agent-dutch-language-at-the-ddc-group-4452473698,Customer Support Agent - Dutch Language,,scraped,2026-08-12T14:59:37.503870,
9063cb27298b98b7,https://ba.linkedin.com/jobs/view/medior-software-engineer-elixir-at-atlantbh-4453136179,Medior Software Engineer (Elixir),Atlantbh,failed|wp_post_failed,2026-08-12T15:00:30.756365,
bcc72048ee660423,https://ba.linkedin.com/jobs/view/manager-at-avaz-d-o-o-4449551793,Manager,Avaz d.o.o.,failed|wp_post_failed,2026-08-12T16:58:21.276715,
1bb616f1842714d9,https://ba.linkedin.com/jobs/view/technical-account-manager-at-paymentology-4453136169,Technical Account Manager,,scraped,2026-08-12T16:58:25.932813,
caf544a33b00704d,https://ba.linkedin.com/jobs/view/customer-support-agent-german-language-at-the-ddc-group-4453088840,Customer Support Agent - German Language,,scraped,2026-08-12T16:58:59.195699,
4f2865e9ebe5fc42,https://ba.linkedin.com/jobs/view/german-speaking-executive-assistant-at-quotapro-4449867111,German Speaking Executive Assistant,,scraped,2026-08-12T16:59:17.639110,
c3030fcae252195e,https://ba.linkedin.com/jobs/view/vo%C4%91a-smjene-sinsay-fo%C4%8Da-at-lpp-bh-4452741081,Vođa smjene - Sinsay Foča,,scraped,2026-08-12T19:03:31.813140,
679a3c829b917ec6,https://ba.linkedin.com/jobs/view/senior-data-engineer-at-personify-health-4453155179,Senior Data Engineer,Personify Health,failed|wp_post_failed,2026-08-12T19:05:02.895907,
bb4e582a197eb3a4,https://ba.linkedin.com/jobs/view/software-engineer-ii-at-personify-health-4443950503,Software Engineer II,Personify Health,failed|wp_post_failed,2026-08-12T19:05:20.370983,
de0aa0ea0d620f32,https://ba.linkedin.com/jobs/view/software-engineer-ii-at-personify-health-4443944627,Software Engineer II,Personify Health,failed|wp_post_failed,2026-08-12T19:05:36.472069,
d57adb240dc25d08,https://ba.linkedin.com/jobs/view/senior-quality-assurance-engineer-at-avenga-4443501056,Senior Quality Assurance Engineer,,scraped,2026-08-12T19:05:41.043964,
f45f3076fff024e8,https://ba.linkedin.com/jobs/view/graphic-design-intern-associate-at-infobip-4431593671,Graphic Design Intern/Associate,,scraped,2026-08-12T19:05:50.204411,
b89fbe5d3b32d2a1,https://ba.linkedin.com/jobs/view/data-analyst-iii-at-first-bank-trust-4453348457,Data Analyst III,First Bank & Trust,failed|wp_post_failed,2026-08-12T20:46:39.921797,
29e8404d27df70ba,https://ba.linkedin.com/jobs/view/systems-technical-lead-at-personify-health-4453147299,Systems Technical Lead,Personify Health,failed|wp_post_failed,2026-08-12T20:47:32.592382,
9b248126a87c1558,https://ba.linkedin.com/jobs/view/on-call-security-guard-at-undp-careers-4453357443,On-call Security Guard,UNDP Careers,failed|wp_post_failed,2026-08-12T22:42:09.993432,
d46d0564df9c6187,https://ba.linkedin.com/jobs/view/rukovodilac-podru%C5%BEnice-at-manpower-bosnia-and-herzegovina-4450180096,Rukovodilac podružnice,Manpower Bosnia and Herzegovina,failed|wp_post_failed,2026-08-12T22:43:12.724707,
8c74c3a2d7fecc68,https://ba.linkedin.com/jobs/view/senior-data-engineer-at-personify-health-4453155181,Senior Data Engineer,Personify Health,failed|wp_post_failed,2026-08-12T22:44:00.249355,
43385bbec1f9b5e8,https://ba.linkedin.com/jobs/view/fitness-and-yoga-trainer-for-seniors-at-live-2-b-healthy-of-chattanooga-4450433062,Fitness and Yoga Trainer for Seniors,Live 2 B Healthy of Chattanooga,failed|wp_post_failed,2026-08-13T05:42:16.785886,
0b0fa2fd803ff74a,https://ba.linkedin.com/jobs/view/social-og-sundhedsassistent-til-distrikt-kollektivhuset-at-partnerskabsprojektet-randers-f%C3%A6lles-m%C3%A5l-individuelle-veje-4452787533,Social- og sundhedsassistent til Distrikt Kollektivhuset,"Partnerskabsprojektet Randers - Fælles mål, individuelle veje.",failed|wp_post_failed,2026-08-13T07:29:11.476562,
404c3b0369f6ee14,https://ba.linkedin.com/jobs/view/clinical-trial-psych-rater-hungarian-speaking-at-iqvia-4452904169,Clinical Trial Psych Rater - Hungarian Speaking,IQVIA,failed|wp_post_failed,2026-08-13T07:30:16.802779,
ac453fd69e7050b2,https://ba.linkedin.com/jobs/view/medical-doctor-4450469767,Medical Doctor,JZU Dom zdravlja Novi Grad,failed|wp_post_failed,2026-08-13T09:14:54.043120,
c360e6993ef19d87,https://ba.linkedin.com/jobs/view/kantonale-verwaltung-at-amt-f%C3%BCr-wirtschaft-kanton-z%C3%BCrich-4454006753,Kantonale Verwaltung,,scraped,2026-08-13T13:13:26.609962,
45b4af15e405afdb,https://ba.linkedin.com/jobs/view/proposal-coordinator-at-trio-4452980736,Proposal Coordinator,Trio,failed|wp_post_failed,2026-08-13T13:13:55.170610,
8881c592ccf39f40,https://ba.linkedin.com/jobs/view/senior-business-development-manager-at-mwdn-4452985026,Senior Business Development Manager,MWDN,failed|wp_post_failed,2026-08-13T13:14:42.514269,
10c622b2fd19e199,https://ba.linkedin.com/jobs/view/sales-merchandiser-at-unapre%C4%91enje-prodaje-4450483763,Sales Merchandiser,,scraped,2026-08-13T14:59:13.869552,
89bcc2ab943a479b,https://ba.linkedin.com/jobs/view/human-resources-specialist-at-lc-waikiki-4450461387,Human Resources Specialist,LC Waikiki,failed|wp_post_failed,2026-08-13T14:59:52.156375,
869fa0739c4b45c8,https://ba.linkedin.com/jobs/view/account-manager-at-unapre%C4%91enje-prodaje-4450487537,Account Manager,,scraped,2026-08-13T14:59:56.822014,
fe6cd4ffb3cf4044,https://ba.linkedin.com/jobs/view/marketing-partnerships-specialist-sarajevo-at-shop-circle-4453669941,Marketing & Partnerships Specialist (Sarajevo),,scraped,2026-08-13T15:00:08.314715,
0aa92fa41f5f98de,https://ba.linkedin.com/jobs/view/project-manager-u-investicijama-at-konzum-bosna-i-hercegovina-4450483279,Project manager u investicijama,,scraped,2026-08-13T15:00:16.653517,
0cd028e84da8fe73,https://ba.linkedin.com/jobs/view/e-t-consultant-health-economist-health-specialist-req38059-at-the-world-bank-group-4453697778,E T Consultant - Health Economist / Health Specialist - req38059,The World Bank Group,failed|wp_post_failed,2026-08-13T15:00:44.963369,
bc6c04b1576ecb02,https://ba.linkedin.com/jobs/view/head-of-wholesale-business-development-cpaas-sms-at-cequens-4453123232,Head of Wholesale - Business Development (CPaaS/SMS),,scraped,2026-08-13T16:57:19.799463,
ca9afc66055490c5,https://ba.linkedin.com/jobs/view/marketing-director-at-digital-silk-growing-brands-online-4454029109,Marketing Director,Digital Silk - Growing Brands Online,failed|wp_post_failed,2026-08-13T16:58:20.623126,
337ca9a9880c34ea,https://ba.linkedin.com/jobs/view/visual-merchandising-concept-specialist-at-the-studio-4452710958,Visual Merchandising & Concept Specialist,THE/STUDIO,failed|wp_post_failed,2026-08-13T19:05:27.531721,
10e0ba30de9518cf,https://ba.linkedin.com/jobs/view/bosnian-serbian-english-interpreters-at-contactlink-solutions-llc-4450105146,Bosnian/Serbian - English Interpreters,ContactLink Solutions LLC,failed|wp_post_failed,2026-08-13T19:06:04.113496,
59ce4b57f3b95ff3,https://ba.linkedin.com/jobs/view/freelance-at-firstsource-4453200718,Freelance,,scraped,2026-08-13T19:06:06.820650,
4c9f98517fd5456a,https://ba.linkedin.com/jobs/view/associate-director-auditor-computer-system-validation-ai-assurance-data-integrity-at-propharma-4453135744,"Associate Director - Auditor - Computer System Validation , AI Assurance, Data Integrity",ProPharma,failed|wp_post_failed,2026-08-13T20:44:50.169138,
4b8362750f709c7e,https://ba.linkedin.com/jobs/view/bilingual-customer-service-specialist-german-english-%E2%80%93-voice-chat-at-talentpop-app-4453276073,Bilingual Customer Service Specialist (German/English) – Voice & Chat,TalentPop App,failed|wp_post_failed,2026-08-13T22:44:08.525379,
6df82a9e1a7223ad,https://ba.linkedin.com/jobs/view/systems-technical-lead-at-personify-health-4453160141,Systems Technical Lead,Personify Health,failed|wp_post_failed,2026-08-13T22:44:40.990694,
fbbf942a6274ea55,https://ba.linkedin.com/jobs/view/german-english-speaking-customer-service-support-at-talentpop-app-4453259166,German-English Speaking Customer Service Support,TalentPop App,failed|wp_post_failed,2026-08-14T02:02:43.993249,
d452d8441a833301,https://ba.linkedin.com/jobs/view/naslovna-at-advista-d-o-o-4452741266,Naslovna,,scraped,2026-08-14T09:08:35.112468,
00a5bf6b7626d989,https://ba.linkedin.com/jobs/view/bilingual-customer-service-specialist-german-english-%E2%80%93-voice-chat-at-talentpop-app-4453281055,Bilingual Customer Service Specialist (German/English) – Voice & Chat,TalentPop App,failed|wp_post_failed,2026-08-14T09:09:29.946502,
8c8f0dae266a10d4,https://ba.linkedin.com/jobs/view/senior-pharmacovigilance-safety-scientist-benefit-risk-at-propharma-4454059378,"Senior Pharmacovigilance Safety Scientist, Benefit Risk",ProPharma,failed|wp_post_failed,2026-08-14T10:59:47.390854,
0dcde0630e46e3f7,https://ba.linkedin.com/jobs/view/kantonale-verwaltung-at-amt-f%C3%BCr-wirtschaft-kanton-z%C3%BCrich-4454523304,Kantonale Verwaltung,,scraped,2026-08-14T13:08:09.237333,
552e173def2b56aa,https://ba.linkedin.com/jobs/view/seo-content-specialist-at-flyrank-ai-4450899615,SEO & Content Specialist,FlyRank AI,failed|wp_post_failed,2026-08-14T13:08:48.893701,
6666be1e37985d15,https://ba.linkedin.com/jobs/view/senior-instructional-designer-contract-remote-at-infuse-4454367097,"Senior Instructional Designer (Contract, Remote)",INFUSE,failed|wp_post_failed,2026-08-14T13:09:43.339086,
32936930ca31eda9,https://ba.linkedin.com/jobs/view/office-manager-menad%C5%BEer-operacija-at-aurum-dental-centar-4449847772,Office Manager / Menadžer operacija,,scraped,2026-08-14T13:09:45.887503,
da417ff24afeb8c5,https://ba.linkedin.com/jobs/view/freelance-luxury-brand-evaluator-sarajevo-ba-at-cxg-4454330162,"Freelance Luxury Brand Evaluator - Sarajevo, BA",,scraped,2026-08-14T13:09:57.019313,
572d7d765fdf485b,https://ba.linkedin.com/jobs/view/audit-senior-analyst-at-deloitte-4441069084,Audit Senior Analyst,Deloitte,failed|wp_post_failed,2026-08-14T13:10:22.567564,
920db9d354ae6759,https://ba.linkedin.com/jobs/view/senior-lead-software-engineer-at-personify-health-4443938796,Senior Lead Software Engineer,Personify Health,failed|wp_post_failed,2026-08-14T13:10:47.201158,
9229372e1cfa357a,https://ba.linkedin.com/jobs/view/data-engineer-at-infobip-4452999339,Data Engineer,,scraped,2026-08-14T14:53:27.006526,
b96fd6befba7e219,https://ba.linkedin.com/jobs/view/senior-backend-engineer-integrations-100%25-remote-emea-at-hostaway-4454530249,"Senior Backend Engineer, Integrations - 100% Remote - EMEA",,scraped,2026-08-14T14:54:27.867251,
7442ddbc39a122fa,https://ba.linkedin.com/jobs/view/sales-account-manager-at-ananas-ba-4453568932,Sales & Account Manager,Ananas.ba,failed|wp_post_failed,2026-08-14T16:54:42.571235,
1125a2ebd80c491d,https://ba.linkedin.com/jobs/view/prodajni-savjetnik-sarajevo-city-center-at-h-m-4454534726,Prodajni savjetnik (Sarajevo City Center),H&M,failed|wp_post_failed,2026-08-14T16:55:23.579692,
47afaa2635642c4b,https://ba.linkedin.com/jobs/view/quarry-operator-at-carmeuse-4417463671,Quarry Operator,Carmeuse,failed|wp_post_failed,2026-08-14T22:24:38.075999,
ba6c2bbb914b8d31,https://ba.linkedin.com/jobs/view/grid-control-expert-f-m-d-for-scada-at-siemens-energy-4426131099,Grid Control Expert (f/m/d) for SCADA,Siemens Energy,failed|wp_post_failed,2026-08-14T22:25:25.921623,
292efd6426defc81,https://ba.linkedin.com/jobs/view/ai-infrastructure-co-founder-head-of-engineering-100-%25-remote-m-f-d-at-ewor-4453722115,AI Infrastructure Co-Founder / Head of Engineering (100 % remote) (m/f/d),,scraped,2026-08-14T22:26:12.733476,
0596373fbae9c996,https://ba.linkedin.com/jobs/view/mid-level-instructional-designer-contract-remote-at-infuse-4454802019,"Mid-Level Instructional Designer (Contract, Remote)",INFUSE,failed|wp_post_failed,2026-08-15T01:17:41.930171,
d1382a834afa8eb1,https://ba.linkedin.com/jobs/view/profesorica-bosanskog-jezika-at-bosnian-2go-4450457993,Profesorica bosanskog jezika,,scraped,2026-08-15T01:17:44.510416,
4945721882c4a24a,https://ba.linkedin.com/jobs/view/associate-director-auditor-computer-system-validation-ai-assurance-data-integrity-at-propharma-4454546726,"Associate Director - Auditor - Computer System Validation , AI Assurance, Data Integrity",ProPharma,failed|wp_post_failed,2026-08-15T01:18:03.927473,
7740325b28718494,https://ba.linkedin.com/jobs/view/frontend-developers-wordpress-shopify-shopline-adobe-aem-senior-junior-mid-roles-at-power-commerce-4451215495,"Frontend Developers - Wordpress, Shopify, Shopline, Adobe AEM - Senior, Junior, Mid-Roles",,scraped,2026-08-15T01:18:20.699516,
e3fbb4fc8a89a53b,https://ba.linkedin.com/jobs/view/operations-support-specialist-i-at-personify-health-4436383114,Operations Support Specialist I,Personify Health,failed|wp_post_failed,2026-08-15T01:18:57.416527,
b9073999ee3ce87e,https://ba.linkedin.com/jobs/view/senior-lead-software-engineer-at-personify-health-4443933894,Senior Lead Software Engineer,Personify Health,failed|wp_post_failed,2026-08-15T01:19:39.709828,
3f9403e6bb4f1fa2,https://ba.linkedin.com/jobs/view/senior-software-engineer-at-personify-health-4436700826,Senior Software Engineer,Personify Health,failed|wp_post_failed,2026-08-15T01:19:57.326956,
aed339f8d003549e,https://ba.linkedin.com/jobs/view/mid-senior-sc%23-net-developer-at-monri-payments-member-of-payten-4443898872,Mid/senior sC# .NET Developer,,scraped,2026-08-15T04:32:34.167076,
282e42472ec7a031,https://ba.linkedin.com/jobs/view/instructional-designer-contract-remote-at-infuse-4454822490,"Instructional Designer (Contract, Remote)",INFUSE,failed|wp_post_failed,2026-08-15T04:34:15.398283,
edcde7218632635a,https://ba.linkedin.com/jobs/view/b2b-content-writer-remote-contract-at-infuse-4454828709,"B2B Content Writer (Remote, Contract)",INFUSE,failed|wp_post_failed,2026-08-15T04:34:32.999426,
da62638483b3b89e,https://ba.linkedin.com/jobs/view/kantonale-verwaltung-at-amt-f%C3%BCr-wirtschaft-kanton-z%C3%BCrich-4455110002,Kantonale Verwaltung,,scraped,2026-08-15T12:38:52.847196,
096ab11c314ebed1,https://ba.linkedin.com/jobs/view/senior-consultant-f-m-d-grid-integration-at-siemens-energy-4444367718,Senior Consultant (f/m/d) - Grid Integration,Siemens Energy,failed|wp_post_failed,2026-08-15T12:40:18.444743,
be717bff37a6de4d,https://ba.linkedin.com/jobs/view/payroll-time-benefits-specialist-at-roche-4408089982,"Payroll, Time & Benefits Specialist",,scraped,2026-08-15T16:26:27.165798,
ca5b77ba783754bd,https://ba.linkedin.com/jobs/view/logistics-associate-supply-chain-management-unit-gs-6-copenhagen-00167219-1-post-%2B-roster-at-united-nations-population-fund-unfpa-4453790250,"Logistics Associate, Supply Chain Management Unit, GS-6, Copenhagen (00167219) - 1 post + Roster",United Nations Population Fund (UNFPA),failed|wp_post_failed,2026-08-15T16:26:58.951290,
790aa9a39b246dec,https://ba.linkedin.com/jobs/view/duits-engels-support-specialist-remote-at-talentpop-app-4453275097,Duits-Engels Support Specialist (Remote),TalentPop App,failed|wp_post_failed,2026-08-15T16:27:56.874678,
8101d80a8a851068,https://ba.linkedin.com/jobs/view/ai-safety-specialist-fully-remote-upto-%2484-hr-at-mercor-4447255845,AI Safety Specialist - Fully Remote | Upto $84/hr,Mercor,failed|wp_post_failed,2026-08-16T03:03:14.785354,
fbd370b3e0b49c38,https://ba.linkedin.com/jobs/view/stru%C4%8Dni-saradnik-za-upravljanje-rizicima-at-uniqa-osiguranje-u-bih-4451133195,Stručni saradnik za upravljanje rizicima,,scraped,2026-08-16T06:41:25.573592,
6935b469033daf2d,https://ba.linkedin.com/jobs/view/kantonale-verwaltung-at-amt-f%C3%BCr-wirtschaft-kanton-z%C3%BCrich-4455203084,Kantonale Verwaltung,,scraped,2026-08-16T12:40:30.865711,
382fe89461f11821,https://ba.linkedin.com/jobs/view/operations-engineer-f-m-d-for-transformer-monitoring-at-siemens-energy-4407028291,Operations Engineer (f/m/d) for Transformer Monitoring,Siemens Energy,failed|wp_post_failed,2026-08-16T12:42:20.904028,
35064158cae19698,https://ba.linkedin.com/jobs/view/head-of-sales-at-r-consulting-bh-4455149204,Head of Sales,R Consulting BH,failed|wp_post_failed,2026-08-16T16:27:06.547718,
e3b290b2299a39b2,https://ba.linkedin.com/jobs/view/test-manager-m-f-d-sensors-and-field-devices-at-siemens-energy-4416521401,Test Manager (m/f/d) Sensors and Field Devices,Siemens Energy,failed|wp_post_failed,2026-08-16T22:22:52.767604,
b155c58d0ad6d726,https://ba.linkedin.com/jobs/view/sales-representative-%E2%80%93-bite-labs-bite-clinic-at-bite-4451225282,Sales Representative – Bite Labs & Bite Clinic,,scraped,2026-08-17T03:01:58.179942,
22b2414c4e13c187,https://ba.linkedin.com/jobs/view/cfa-17-08-26consultant-dtm-enumerator-at-iom-un-migration-4454397213,CfA 17-08/26Consultant - DTM Enumerator,IOM - UN Migration,failed|wp_post_failed,2026-08-17T03:02:32.488562,
8b74e53d1831ef84,https://ba.linkedin.com/jobs/view/team-lead-learning-and-development-contract-remote-at-infuse-4454814151,"Team Lead, Learning and Development (Contract, Remote)",INFUSE,failed|wp_post_failed,2026-08-17T03:02:48.292930,
9169c2fe8deaec11,https://ba.linkedin.com/jobs/view/longevity-co-founder-cpo-100-%25-remote-m-f-d-at-ewor-4453725129,Longevity Co-Founder / CPO (100 % remote) (m/f/d),,scraped,2026-08-17T03:02:52.896926,
7df120d554787829,https://ba.linkedin.com/jobs/view/transport-fleet-management-solutions-consultant-at-nts-international-4452222936,Transport & Fleet Management Solutions Consultant,,scraped,2026-08-17T06:57:27.178426,
339c70168c372288,https://ba.linkedin.com/jobs/view/supplier-quality-engineer-development-at-mahle-senica-4452217999,Supplier Quality Engineer - Development,,scraped,2026-08-17T06:57:59.448219,
7208f9634e139244,https://ba.linkedin.com/jobs/view/senior-software-engineer-at-personify-health-4436707689,Senior Software Engineer,Personify Health,failed|wp_post_failed,2026-08-17T06:59:20.692244,
e9dac72964b1bbf7,https://ba.linkedin.com/jobs/view/java-developer-at-muehlbauer-group-bih-4450496246,Java Developer,,scraped,2026-08-17T08:46:40.439520,
59e322236f5363de,https://ba.linkedin.com/jobs/view/salesperson-at-bh-werk-4452233326,Salesperson,,scraped,2026-08-17T08:46:56.615931,
e3baf3aa89c3912e,https://ba.linkedin.com/jobs/view/kundenberater-m-w-d-f%C3%BCr-axa-pannenhotline-und-kundendienst-asst-at-telus-digital-4455253915,Kundenberater (m/w/d) für AXA | Pannenhotline und Kundendienst (Asst.),,scraped,2026-08-17T08:47:14.934574,
3ff5c1b0ee8ad16b,https://ba.linkedin.com/jobs/view/prodava%C4%8D-na-nepuno-radno-vrijeme-30-sati-m-%C5%BE-doboj-at-jysk-4452246124,"Prodavač na nepuno radno vrijeme - 30 sati (m/ž), Doboj",,scraped,2026-08-17T08:48:05.964681,
bd818e913bca8c62,https://ba.linkedin.com/jobs/view/rukovodilac-ra%C4%8Dunovodstva-i-poslovne-administracije-at-talentor-western-balkans-4452225375,Rukovodilac računovodstva i poslovne administracije,,scraped,2026-08-17T10:33:57.626209,
13823540338f9e7e,https://ba.linkedin.com/jobs/view/senior-software-architect-freelance-consulting-at-roosevelt-development-outstaffing-4454244650,Senior Software Architect (Freelance / Consulting),Roosevelt Development Outstaffing,failed|wp_post_failed,2026-08-17T10:35:00.632583,
8e9ad8783f674939,https://ba.linkedin.com/jobs/view/prodava%C4%8D-na-nepuno-radno-vrijeme-30-sati-m-%C5%BE-zvornik-at-jysk-4452235857,"Prodavač na nepuno radno vrijeme - 30 sati (m/ž), Zvornik",,scraped,2026-08-17T10:35:31.158930,
a1791c6a222dab79,https://ba.linkedin.com/jobs/view/kantonale-verwaltung-at-amt-f%C3%BCr-wirtschaft-kanton-z%C3%BCrich-4455279168,Kantonale Verwaltung,,scraped,2026-08-17T12:45:06.735217,
5faca7b943c13742,https://ba.linkedin.com/jobs/view/media-sales-representative-at-designrush-4455259793,Media Sales Representative,DesignRush,failed|wp_post_failed,2026-08-17T12:46:27.085663,
17000beca35feb5a,https://ba.linkedin.com/jobs/view/in%C5%BEenjer-instrumentacije-i-automatike-at-ibej-d-o-o-4452262025,Inženjer instrumentacije i automatike,,scraped,2026-08-17T12:46:43.685855,
d2721bb94376938d,https://ba.linkedin.com/jobs/view/prodava%C4%8D-na-nepuno-radno-vrijeme-30-sati-m-%C5%BE-te%C5%A1anj-at-jysk-4452231268,"Prodavač na nepuno radno vrijeme - 30 sati (m/ž), Tešanj",,scraped,2026-08-17T14:30:41.888249,
00e24e08d7eb281f,https://ba.linkedin.com/jobs/view/managing-director-tuzlanski-kanton-at-talentor-western-balkans-4452263658,Managing Director - Tuzlanski kanton,,scraped,2026-08-17T16:30:05.999927,
1a9a2f32e83ffbbd,https://ba.linkedin.com/jobs/view/rukovodilac-proizvodnje-at-manpower-bosnia-and-herzegovina-4452273830,Rukovodilac proizvodnje,Manpower Bosnia and Herzegovina,failed|wp_post_failed,2026-08-17T20:29:10.669063,
c9b053c64f154c07,https://ba.linkedin.com/jobs/view/prodajni-savjetnik-za-servisne-usluge-at-scania-group-4455359307,Prodajni savjetnik za servisne usluge,,scraped,2026-08-17T20:29:21.469541,
debc16bd4eee5e47,https://ba.linkedin.com/jobs/view/tech-lead-node-react-serbia-at-oak-s-lab-4455363572,Tech Lead (Node&React) - Serbia,,scraped,2026-08-17T20:29:42.043437,
fc8053ee4b45441f,https://ba.linkedin.com/jobs/view/social-media-manager-organic-video-design-community-at-ad-kraft-google-premier-partner-4452252183,"Social Media Manager (Organic) - Video, Design & Community",,scraped,2026-08-17T22:26:06.296950,
321d218759f8c2ba,https://ba.linkedin.com/jobs/view/kundenberater-m-w-d-f%C3%BCr-axa-pannenhotline-und-kundendienst-asst-at-telus-digital-4455248956,Kundenberater (m/w/d) für AXA | Pannenhotline und Kundendienst (Asst.),,scraped,2026-08-17T22:26:34.425597,
a48d92b2529fbf10,https://ba.linkedin.com/jobs/view/ai-safety-specialist-fully-remote-upto-%2470-hr-at-mercor-4447237986,AI Safety Specialist - Fully Remote | Upto $70/hr,Mercor,failed|wp_post_failed,2026-08-17T22:27:15.192397,
53fb1305e42189ce,https://ba.linkedin.com/jobs/view/content-and-communication-specialist-at-avon-4452242704,Content and Communication Specialist,Avon,failed|wp_post_failed,2026-08-18T01:16:49.116050,
ac95be418f612cda,https://ba.linkedin.com/jobs/view/short-form-video-editor-at-mydirector-ai-4455229345,Short-form Video Editor,MyDirector AI,failed|wp_post_failed,2026-08-18T01:17:22.052726,
73012632e78704d3,https://ba.linkedin.com/jobs/view/senior-project-manager-remote-contract-at-infuse-4455376435,"Senior Project Manager (Remote, Contract)",INFUSE,failed|wp_post_failed,2026-08-18T01:17:43.361451,
9d07589b524956aa,https://ba.linkedin.com/jobs/view/account-executive-swedish-speaking-at-infobip-4367888787,Account Executive (Swedish speaking),,scraped,2026-08-18T01:17:58.077858,
22866a1572d09b8d,https://ba.linkedin.com/jobs/view/transport-fleet-management-solutions-consultant-at-nts-international-4452216994,Transport & Fleet Management Solutions Consultant,,scraped,2026-08-18T02:56:47.088281,
09f682c46af3657e,https://ba.linkedin.com/jobs/view/supply-chain-co-founder-head-of-product-100-%25-remote-m-f-d-at-ewor-4453581563,Supply Chain Co-Founder / Head of Product (100 % remote) (m/f/d),,scraped,2026-08-18T02:56:56.028569,
151fea86121bfd97,https://ba.linkedin.com/jobs/view/video-editor-creative-tech-focus-at-obsidian-4452226475,Video Editor (Creative Tech Focus),,scraped,2026-08-18T02:57:06.950205,
0015efb02949d73a,https://ba.linkedin.com/jobs/view/production-quality-assurance-at-mahle-senica-4451759701,Production Quality Assurance,,scraped,2026-08-18T02:57:21.498868,
0d83333411ea0e8e,https://ba.linkedin.com/jobs/view/freelance-4451789063,Freelance,BH Logistik,failed|wp_post_failed,2026-08-18T02:57:44.104721,
e8621c53d0c32b77,https://ba.linkedin.com/jobs/view/squad-lead-at-infobip-4435474854,Squad Lead,,scraped,2026-08-18T02:57:46.701688,
8751838cbda1acce,https://ba.linkedin.com/jobs/view/frontend-react-developer-at-illuminos-solutions-4451772971,Frontend (React) Developer,Illuminos Solutions,failed|wp_post_failed,2026-08-18T02:58:13.809213,
1fe50dcdd1642a0d,https://ba.linkedin.com/jobs/view/software-developer-full-stack-backend-frontend-at-tesla-quantum-core-4452227519,Software Developer (Full Stack / Backend / Frontend),,scraped,2026-08-18T02:58:24.532033,
706001197c31a579,https://ba.linkedin.com/jobs/view/it-project-manager-with-german-at-deloitte-4406701423,IT Project Manager with German,Deloitte,failed|wp_post_failed,2026-08-18T02:58:45.984178,
18bc64756dfc47df,https://ba.linkedin.com/jobs/view/ai-safety-specialist-fully-remote-upto-%2470-hr-at-mercor-4454467102,AI Safety Specialist - Fully Remote | Upto $70/hr,Mercor,failed|wp_post_failed,2026-08-18T04:37:35.140390,
2a3c7e1c33c825f3,https://ba.linkedin.com/jobs/view/referent-tehni%C4%8Dke-pripreme-at-pims-elektro-oprema-4452581304,Referent tehničke pripreme,,scraped,2026-08-18T10:29:47.326995,
dbbd47a185de823a,https://ba.linkedin.com/jobs/view/audit-consultant-at-acca-careers-4455705934,Audit Consultant,,scraped,2026-08-18T12:48:00.033760,
0fe145a47263b0f9,https://ba.linkedin.com/jobs/view/audit-senior-analyst-at-acca-careers-4455722052,Audit Senior Analyst,,scraped,2026-08-18T12:48:14.839915,
3204996aa984a331,https://ba.linkedin.com/jobs/view/cro-specialist-dtc-e-commerce-100%25-remote-eu-at-foxelli-group-4455761095,CRO Specialist | DTC E-commerce | 100% Remote EU,,scraped,2026-08-18T14:34:30.048034,
21d4ec72f66931bb,https://ba.linkedin.com/jobs/view/rukovoditelj-prodavaonice-m-%C5%BE-zenica-at-jysk-4452241219,"Rukovoditelj prodavaonice (m/ž), Zenica",,scraped,2026-08-18T16:32:47.183968,
e01a2b2465438560,https://ba.linkedin.com/jobs/view/net-engineer-at-avenga-4455758468,.NET Engineer,,scraped,2026-08-18T16:32:55.705241,
1639513cfd6413b3,https://ba.linkedin.com/jobs/view/carrier-sales-representative-at-modelkite-inc-4455735859,Carrier Sales Representative,,scraped,2026-08-18T16:33:10.903458,
3c8a7ae9e35bb013,https://ba.linkedin.com/jobs/view/devops-engineer-aws-azure-terraform-ci-cd-at-bloomteq-4452571165,"DevOps Engineer - AWS / Azure, Terraform, CI/CD",,scraped,2026-08-18T16:33:28.260147,
f93914d4a050e25b,https://ba.linkedin.com/jobs/view/international-consultancy-consultant-e-international-e-en-dveloppement-communautaire-structuration-des-mutuelles-de-femmes-et-dveloppement-de-chanes-de-valeur-locales-at-united-nations-population-fund-unfpa-4454245385,"International Consultancy - Consultant(e) international(e) en dveloppement communautaire, structuration des mutuelles de femmes et dveloppement de chanes de valeur locales",United Nations Population Fund (UNFPA),failed|wp_post_failed,2026-08-18T16:33:51.757312,
fcb233f8d4a64dff,https://ba.linkedin.com/jobs/view/french-market-technical-support-specialist-at-roller-4437144995,French Market Technical Support Specialist,ROLLER,failed|wp_post_failed,2026-08-18T16:34:22.342363,
fd953278f1f3374c,https://ba.linkedin.com/jobs/view/ppc-google-ads-associate-consultant-at-obsidian-4452249716,PPC / Google Ads Associate Consultant,,scraped,2026-08-18T18:40:33.523813,
fd1e4792533f7f89,https://ba.linkedin.com/jobs/view/design-for-excellence-manager-m-f-d-global-engineering-at-voith-hydro-4443332139,Design for Excellence Manager (m/f/d) - Global Engineering,,scraped,2026-08-18T18:41:04.548317,
de2c75e41ceeb346,https://ba.linkedin.com/jobs/view/intune-it-engineer-at-avenga-4446131175,Intune IT Engineer,,scraped,2026-08-18T18:41:18.725336,
ff17aab1902cf02c,https://ba.linkedin.com/jobs/view/net-engineer-at-avenga-water-well-service-llc-4455770833,.NET Engineer,"Avenga Water Well Service, LLC",failed|wp_post_failed,2026-08-18T18:41:53.871304,
849b3c970baa8983,https://ba.linkedin.com/jobs/view/cybersecurity-analyst-at-personify-health-4446328541,Cybersecurity Analyst,Personify Health,failed|wp_post_failed,2026-08-18T18:42:23.220807,
1a8710d2c3282693,https://ba.linkedin.com/jobs/view/cybersecurity-analyst-at-personify-health-4446326604,Cybersecurity Analyst,Personify Health,failed|wp_post_failed,2026-08-18T18:42:40.319106,
76eb38110a95452f,https://ba.linkedin.com/jobs/view/home-office-kundenberater-m-w-d-f%C3%BCr-vattenfall-at-telus-digital-4418950883,Home Office Kundenberater (m/w/d) für Vattenfall,,scraped,2026-08-18T18:42:49.072231,
2d8a19ff73a04e8d,https://ba.linkedin.com/jobs/view/cro-specialist-dtc-e-commerce-100%25-remote-eu-at-foxelli-group-4455762099,CRO Specialist | DTC E-commerce | 100% Remote EU,,scraped,2026-08-18T18:43:09.897659,
1d48cddca11ec342,https://ba.linkedin.com/jobs/view/geo-seo-senior-manager-100%25-remote-europe-at-hostaway-4455343445,"GEO/SEO, Senior Manager - 100% Remote - Europe",,scraped,2026-08-18T22:25:27.759997,
a236fae299f7cda7,https://ba.linkedin.com/jobs/view/senior-director-executive-director-medical-writing-at-primevigilance-4455708558,Senior Director / Executive Director Medical Writing,,scraped,2026-08-18T22:25:42.364164,
6887ab142e1bed95,https://ba.linkedin.com/jobs/view/office-manager-at-wyg-consulting-4453422097,Office Manager,,scraped,2026-08-19T08:39:01.640109,
1e3766493a5db60a,https://ba.linkedin.com/jobs/view/kurir-dhl-international-sarajevo-at-dhl-express-4456187310,Kurir - DHL International Sarajevo,DHL Express,failed|wp_post_failed,2026-08-19T10:30:36.898046,
a09e1e2ca7024874,https://ba.linkedin.com/jobs/view/junior-product-specialist-core-banking-domestic-international-payments-at-asee-4453562565,Junior Product Specialist - CORE Banking | Domestic & International Payments,,scraped,2026-08-19T10:30:55.547496,
3d372d17c9348cf8,https://ba.linkedin.com/jobs/view/intern-in-strategy-transformation-technology-at-pwc-bosnia-and-herzegovina-4445725068,"Intern in Strategy, Transformation & Technology",,scraped,2026-08-19T10:31:58.106455,
1e767566c95b7df6,https://ba.linkedin.com/jobs/view/consultancy-logistics-associate-supply-chain-management-unit-scmu-copenhagen-denmark-1-post-%2B-roster-at-united-nations-population-fund-unfpa-4454982446,"Consultancy, Logistics Associate, Supply Chain Management Unit (SCMU), Copenhagen, Denmark (1 Post + Roster)",United Nations Population Fund (UNFPA),failed|wp_post_failed,2026-08-19T10:32:46.302166,
337d65bcd14801b5,https://ba.linkedin.com/jobs/view/lead-generation-expert-at-designrush-4456302085,Lead Generation Expert,DesignRush,failed|wp_post_failed,2026-08-19T12:49:34.071568,
427e8438d744cc03,https://ba.linkedin.com/jobs/view/prodava%C4%8D-na-nepuno-radno-vrijeme-30-sati-m-%C5%BE-grada%C4%8Dac-at-jysk-4453411836,"Prodavač na nepuno radno vrijeme - 30 sati (m/ž), Gradačac",,scraped,2026-08-19T12:50:46.665131,
6782687e70543799,https://ba.linkedin.com/jobs/view/senior-accountant-annual-reporting-specialist-at-financeteams-4453412503,Senior Accountant - Annual Reporting Specialist,,scraped,2026-08-19T14:35:23.150829,
fb9a17c8b1ef8244,https://ba.linkedin.com/jobs/view/consultant-in-bank-corporate-strategy-transformation-technology-at-pwc-bosnia-and-herzegovina-4445760411,"Consultant in Bank & Corporate Strategy, Transformation & Technology",,scraped,2026-08-19T14:35:34.313995,
42938350372c3984,https://ba.linkedin.com/jobs/view/backend-developer-at-sportradar-4456311975,Backend Developer,,scraped,2026-08-19T14:35:47.191800,
000c048437773f16,https://ba.linkedin.com/jobs/view/head-of-human-rights-s3-at-osce-4453441893,Head of Human Rights (S3),,scraped,2026-08-19T16:34:14.224833,
f2fd2ecae5e1ff45,https://ba.linkedin.com/jobs/view/regionalni-menad%C5%BEer-prodaje-%E2%80%93-regija-trebinje-at-manpower-bosnia-and-herzegovina-4443626086,Regionalni menadžer prodaje – regija Trebinje,Manpower Bosnia and Herzegovina,failed|wp_post_failed,2026-08-19T16:35:03.527512,
42e9a1db2b7e78c7,https://ba.linkedin.com/jobs/view/guide-ii-at-personify-health-4456345351,Guide II,Personify Health,failed|wp_post_failed,2026-08-19T18:37:41.351734,
2af76b9f5a01b1a4,https://ba.linkedin.com/jobs/view/plan-document-specialist-at-personify-health-4446054583,Plan Document Specialist,Personify Health,failed|wp_post_failed,2026-08-19T18:37:57.578179,
2a2e85782b1d631c,https://ba.linkedin.com/jobs/view/b2b-content-marketing-specialist-at-codaxy-4453427932,B2B Content Marketing Specialist,,scraped,2026-08-19T18:38:18.210892,
4f03007a5ef65363,https://ba.linkedin.com/jobs/view/senior-manager-visa-direct-sales-executive-at-visa-4456346551,"Senior Manager, Visa Direct Sales Executive",Visa,failed|wp_post_failed,2026-08-19T18:38:41.738537,
9136a05f56e0ef86,https://ba.linkedin.com/jobs/view/senior-product-design-engineer-at-duckduckgo-4455419586,Senior Product Design Engineer,DuckDuckGo,failed|wp_post_failed,2026-08-19T18:38:56.899203,
711a3acf8223f031,https://ba.linkedin.com/jobs/view/re-advertisement-consultancy-supply-chain-ai-specialist-supply-chain-management-unit-scmu-copenhagen-denmark-at-united-nations-population-fund-unfpa-4455409842,"(Re-advertisement) Consultancy, Supply Chain AI Specialist, Supply Chain Management Unit (SCMU), Copenhagen, Denmark",United Nations Population Fund (UNFPA),failed|wp_post_failed,2026-08-19T18:39:30.474380,
28235de3fb6516f4,https://ba.linkedin.com/jobs/view/plan-document-specialist-at-personify-health-4446048857,Plan Document Specialist,Personify Health,failed|wp_post_failed,2026-08-19T18:39:53.734779,
b3e7438c9da32107,https://ba.linkedin.com/jobs/view/prodavac-sinsay-%C5%BEep%C4%8De-at-lpp-bh-4455422927,Prodavac - Sinsay Žepče,,scraped,2026-08-19T20:30:11.642894,
481bcaa6c8abdbe6,https://ba.linkedin.com/jobs/view/prodavac-sinsay-%23x17d-ep-%23x10d-e-at-lpp-bh-4453473386,Prodavac - Sinsay &#x17D;ep&#x10D;e,,scraped,2026-08-19T20:30:19.825852,
f54a026d74f35821,https://ba.linkedin.com/jobs/view/sales-account-executive-fluent-german-required-at-quotapro-4453411886,Sales Account Executive (Fluent German Required),,scraped,2026-08-20T02:59:18.359080,
c33609587e5f795f,https://ba.linkedin.com/jobs/view/software-engineer-ii-at-personify-health-4446813835,Software Engineer II,Personify Health,failed|wp_post_failed,2026-08-20T02:59:45.762749,
9dd2495afb8220d5,https://ba.linkedin.com/jobs/view/senior-backend-engineer-go-at-block-labs-4325008702,Senior Backend Engineer (Go),,scraped,2026-08-20T04:38:20.187938,
4d0dcf031f11b6b3,https://ba.linkedin.com/jobs/view/senior-associate-in-audit-at-pwc-bosnia-and-herzegovina-4436232824,Senior Associate in Audit,,scraped,2026-08-20T04:38:30.385228,
763ba4de79dc0946,https://ba.linkedin.com/jobs/view/architect-with-a-focus-on-qa-revit-at-galeyo-4453431551,Architect with a focus on QA / Revit,,scraped,2026-08-20T04:38:40.685985,
a17dfaaf4f1a06f5,https://ba.linkedin.com/jobs/view/prodavac-sinsay-mrkonji-%23x107-grad-at-lpp-bh-4453482265,Prodavac - Sinsay Mrkonji&#x107; Grad,,scraped,2026-08-20T04:38:48.956758,
34ebf31eddd8d6fc,https://ba.linkedin.com/jobs/view/prodavac-sinsay-mrkonji%C4%87-grad-at-lpp-bh-4455434793,Prodavac - Sinsay Mrkonjić Grad,,scraped,2026-08-20T04:39:36.183051,
f2e46d9efbe877c2,https://ba.linkedin.com/jobs/view/adc-audit-intern-at-acca-careers-4456199188,ADC Audit Intern,,scraped,2026-08-20T08:40:47.514395,
e98dbc5c32bf4db4,https://ba.linkedin.com/jobs/view/prodajni-savjetnik-sarajevo-city-center-at-h-m-4456702003,Prodajni savjetnik (Sarajevo City Center),H&M,failed|wp_post_failed,2026-08-20T10:32:18.197348,
19d53aedf3ab03ec,https://ba.linkedin.com/jobs/view/looking-for-women-s-professional-basketball-player-pg-position-for-bosnian-top-division-4453855311,Looking for women's professional basketball player - PG position for Bosnian top division.,KZK Celik Zenica,failed|wp_post_failed,2026-08-20T10:32:35.788498,
2752f34434d24cfc,https://ba.linkedin.com/jobs/view/prodava%C4%8D-na-nepuno-radno-vrijeme-30-sati-m-%C5%BE-zenica-at-jysk-4452581139,"Prodavač na nepuno radno vrijeme - 30 sati (m/ž), Zenica",,scraped,2026-08-20T10:33:36.539745,
f2e627af1aa51a6a,https://ba.linkedin.com/jobs/view/visual-merchandiser-sarajevo-at-h-m-4456704895,Visual Merchandiser (Sarajevo),H&M,failed|wp_post_failed,2026-08-20T12:51:27.252326,
09de8cc0d6c4e923,https://ba.linkedin.com/jobs/view/senior-payroll-associate-bosnia-herzegovina-at-deel-4453891341,Senior Payroll Associate | Bosnia & Herzegovina,Deel,failed|wp_post_failed,2026-08-20T12:51:48.950873,
bea45f5792320a80,https://ba.linkedin.com/jobs/view/senior-software-engineer-at-paymentology-4456315270,Senior Software Engineer,,scraped,2026-08-20T12:52:39.801639,
5e9c834512239e49,https://ba.linkedin.com/jobs/view/hydraulic-cylinder-technician-at-research-square-4453576204,Hydraulic Cylinder Technician,Research-Square,failed|wp_post_failed,2026-08-20T12:53:06.271666,
27838c7cf02f3881,https://ba.linkedin.com/jobs/view/fluent-english-senior-full-stack-developer-python-java-react-at-supportyourapp-4455761254,(fluent English) Senior Full-Stack Developer (Python/Java/React),SupportYourApp,failed|wp_post_failed,2026-08-20T12:53:25.266532,
fed53c8efa956de1,https://ba.linkedin.com/jobs/view/people-experience-lead-at-paymentology-4456728836,People Experience Lead,,scraped,2026-08-20T16:36:22.034199,
079a123ce139caf1,https://ba.linkedin.com/jobs/view/senior-specialist-regulatory-pv-network-at-primevigilance-4456756748,"Senior Specialist, Regulatory & PV Network",,scraped,2026-08-20T16:36:58.824900,
afc8d421f164cc60,https://ba.linkedin.com/jobs/view/call-center-specialist-for-croatian-market-at-hs-plus-4453885268,Call Center Specialist for CROATIAN market,,scraped,2026-08-20T16:37:19.311077,
e2f644d0d4aaaa9f,https://ba.linkedin.com/jobs/view/in%C5%BEenjer-geodezije-geodetski-tehni%C4%8Dar-geometar-at-geos-4453896320,Inženjer geodezije / Geodetski tehničar - geometar,,scraped,2026-08-20T16:37:28.404345,
f68073445c398e2e,https://ba.linkedin.com/jobs/view/product-documentation-specialist-at-infobip-4444554149,Product Documentation Specialist,,scraped,2026-08-20T18:41:03.571255,
e30a1f6c92b1fb2d,https://ba.linkedin.com/jobs/view/kundenbetreuer-in-einem-f%C3%BChrenden-telekommunikationsunternehmen-at-concentrix-4446732942,Kundenbetreuer in einem führenden Telekommunikationsunternehmen,Concentrix,failed|wp_post_failed,2026-08-20T18:41:36.119574,
85d45026a6b410b5,https://ba.linkedin.com/jobs/view/graphic-designer-remote-juststatics-at-juststatics-4454120006,Graphic Designer (Remote) - JustStatics,JustStatics,failed|wp_post_failed,2026-08-20T18:42:07.845295,
552f504fb63ae530,https://ba.linkedin.com/jobs/view/member-services-representative-at-personify-health-4456743917,Member Services Representative,Personify Health,failed|wp_post_failed,2026-08-20T18:42:42.149455,
c908a9bcb4c86b2a,https://ba.linkedin.com/jobs/view/member-services-representative-at-personify-health-4456740938,Member Services Representative,Personify Health,scraped,2026-08-20T18:42:46.250048,
cbd663d681921ca5,https://ba.linkedin.com/jobs/view/member-services-representative-at-personify-health-4456755832,Member Services Representative,Personify Health,scraped,2026-08-20T18:42:50.386476,
9265cce14df03024,https://ba.linkedin.com/jobs/view/software-architect-control-systems-f-m-d-at-siemens-energy-4456006693,Software Architect - Control Systems (f/m/d),Siemens Energy,failed|wp_post_failed,2026-08-20T18:43:15.734005,
6e663f30081b34b2,https://ba.linkedin.com/jobs/view/supply-chain-internship-roster-2026-supply-chain-management-unit-scmu-copenhagen-denmark-at-united-nations-population-fund-unfpa-4369312466,"Supply Chain Internship Roster 2026 Supply Chain Management Unit (SCMU), Copenhagen, Denmark",United Nations Population Fund (UNFPA),failed|wp_post_failed,2026-08-20T18:43:40.239717,
f9ced31a7e1fa85a,https://ba.linkedin.com/jobs/view/product-owner-for-substation-automation-software-f-m-d-at-siemens-energy-4456019638,Product Owner for Substation Automation Software (f/m/d),Siemens Energy,failed|wp_post_failed,2026-08-20T20:30:32.674825,
a6259dfad585ec4f,https://ba.linkedin.com/jobs/view/product-documentation-specialist-at-infobip-4444539853,Product Documentation Specialist,,scraped,2026-08-20T20:30:37.381112,
a442522a99ab30bc,https://ba.linkedin.com/jobs/view/rukovodilac-maloprodajnog-objekta-sinsay-trebinje-na-odre-%23x111-eno-vrijeme-at-lpp-bh-4454107861,Rukovodilac maloprodajnog objekta - Sinsay Trebinje (na odre&#x111;eno vrijeme),,scraped,2026-08-20T20:30:47.723201,
ab9b149b0988360b,https://ba.linkedin.com/jobs/view/software-engineer-ii-at-personify-health-4446821465,Software Engineer II,Personify Health,failed|wp_post_failed,2026-08-20T20:32:04.812646,
5201ec9b1588693a,https://ba.linkedin.com/jobs/view/vo-%23x111-a-smjene-sinsay-trebinje-na-odre-%23x111-eno-vrijeme-at-lpp-bh-4454130135,Vo&#x111;a smjene - Sinsay Trebinje (na odre&#x111;eno vrijeme),,scraped,2026-08-20T20:32:13.329959,
169bb0fdbbc88bc0,https://www.linkedin.com/jobs/view/chief-learning-officer-at-kojak-travel-4454132827,Chief Learning Officer,Kojak Travel,failed|wp_post_failed,2026-08-20T22:29:26.726644,
428eeca5899e3d43,https://ba.linkedin.com/jobs/view/service-lead-technician-at-nordex-group-4455757560,Service Lead Technician,,scraped,2026-08-21T03:04:48.608617,
2732427f0ddcb51f,https://ba.linkedin.com/jobs/view/graphic-designer-at-think-orion-4456077772,Graphic Designer,,scraped,2026-08-21T06:49:39.903303,
c2c91d7ff6e11f92,https://ba.linkedin.com/jobs/view/salesperson-at-elixirs-group-doo-4440425536,Salesperson,Elixirs Group DOO,failed|wp_post_failed,2026-08-21T08:42:22.993241,
4d6de1ea7b2960c6,https://ba.linkedin.com/jobs/view/senior-paid-social-media-buyer-at-flat-circle-4457078664,Senior Paid Social Media Buyer,,scraped,2026-08-21T08:42:35.695824,
cd6792123c4bda30,https://ba.linkedin.com/jobs/view/scrum-master-f-m-d-for-portfolio-development-at-siemens-energy-4436855836,Scrum Master (f/m/d) for Portfolio Development,Siemens Energy,failed|wp_post_failed,2026-08-21T08:43:42.880901,
6d26976a657363a3,https://ba.linkedin.com/jobs/view/people-business-partner-at-paymentology-4456781822,People Business Partner,,scraped,2026-08-21T10:32:31.266052,
1808f7ca4a744a76,https://ba.linkedin.com/jobs/view/voditelj-prodaje-sarajevo-at-r-consulting-bh-4454187465,"Voditelj prodaje, Sarajevo",R Consulting BH,failed|wp_post_failed,2026-08-21T10:33:11.806944,
64ec4ea0d9f00cdb,https://ba.linkedin.com/jobs/view/head-of-news-at-bored-panda-4454937913,Head of News,,scraped,2026-08-21T10:33:16.470403,
156ace39e59b96d7,https://ba.linkedin.com/jobs/view/field-service-supervisor-%E2%80%93-electrical-at-manpower-bosnia-and-herzegovina-4454132094,Field Service Supervisor – Electrical,Manpower Bosnia and Herzegovina,failed|wp_post_failed,2026-08-21T10:33:54.938051,
4163afea0172a371,https://ba.linkedin.com/jobs/view/new-vacancies-in-the-eu-funded-twinning-project-further-support-to-indirect-taxation-authority-of-bosnia-and-herzegovina-ba-22-ipa-fi-01-26-at-eubam-libya-4457038567,New vacancies in the EU-funded Twinning project Further support to Indirect Taxation Authority of Bosnia and Herzegovina (BA 22 IPA FI 01 26),,scraped,2026-08-21T10:33:57.503549,
f68dfb6074ad11fb,https://ba.linkedin.com/jobs/view/sales-development-representative-ent-cee-baltics-at-deel-4453881907,"Sales Development Representative, ENT | CEE&Baltics",Deel,failed|wp_post_failed,2026-08-21T14:36:38.404316,
ef99c8accc06fa8e,https://ba.linkedin.com/jobs/view/menad%C5%BEer-za-klju%C4%8Dne-kupce-i-distribuciju-at-philip-morris-international-4457348623,Menadžer za ključne kupce i distribuciju,,scraped,2026-08-21T14:36:51.090268,
b738228278d744e2,https://ba.linkedin.com/jobs/view/architect-with-a-focus-on-qa-revit-at-galeyo-4454636372,Architect with a focus on QA / Revit,,scraped,2026-08-21T14:37:02.268436,
4a7b694717577ac8,https://ba.linkedin.com/jobs/view/commissioning-engineer-at-manpower-bosnia-and-herzegovina-4454125915,Commissioning Engineer,Manpower Bosnia and Herzegovina,failed|wp_post_failed,2026-08-21T14:37:39.157467,
ca4c8f8773c325f6,https://ba.linkedin.com/jobs/view/junior-%F0%9F%8C%8D-web-designer-ux-ui-at-travlrd-4454639499,Junior 🌍 Web Designer (UX/UI),TRAVLRD,failed|wp_post_failed,2026-08-21T14:38:08.954431,
38a5083d1c864730,https://ba.linkedin.com/jobs/view/field-service-engineer-at-manpower-bosnia-and-herzegovina-4454643250,Field Service Engineer,Manpower Bosnia and Herzegovina,failed|wp_post_failed,2026-08-21T14:38:45.836275,
7ebf4a64854d8995,https://ba.linkedin.com/jobs/view/technical-screening-team-lead-at-toptal-4447015241,Technical Screening Team Lead,Toptal,failed|wp_post_failed,2026-08-21T16:36:03.585862,
5a66ef51ea96a3f8,https://ba.linkedin.com/jobs/view/senior-paid-search-expert-at-flat-circle-4457085657,Senior Paid Search Expert,,scraped,2026-08-21T16:36:14.243480,
2778713ba3eebff3,https://ba.linkedin.com/jobs/view/business-development-representative-4454146245,Business Development Representative,Dtg global,failed|wp_post_failed,2026-08-21T16:36:46.228196,
5ae12c35d09135a7,https://ba.linkedin.com/jobs/view/backend-developer-at-sports-careers-4457009759,Backend Developer,Sports Careers,failed|wp_post_failed,2026-08-21T16:37:03.151327,
2ee4dfc8a4a1124a,https://ba.linkedin.com/jobs/view/fde-ai-solutions-architect-ai-python-data-at-provectus-4457309304,"FDE AI/ Solutions Architect (AI, Python/Data)",Provectus,failed|wp_post_failed,2026-08-21T16:37:45.245361,
8a937e37b1e39004,https://ba.linkedin.com/jobs/view/senior-ai-ml-engineer-genai-aws-at-provectus-4457312285,"Senior AI/ML Engineer (GenAI, AWS)",Provectus,failed|wp_post_failed,2026-08-21T16:38:07.463136,
391a0c053dbc8f5d,https://ba.linkedin.com/jobs/view/head-of-eqs-at-siemens-energy-4447101159,Head of EQS,Siemens Energy,failed|wp_post_failed,2026-08-21T16:38:30.443219,
82c936bb46fd8258,https://ba.linkedin.com/jobs/view/rukovodilac-maloprodajnog-objekta-sinsay-trebinje-na-odre%C4%91eno-vrijeme-at-lpp-bh-4456029166,Rukovodilac maloprodajnog objekta - Sinsay Trebinje (na određeno vrijeme),,scraped,2026-08-21T16:38:40.855631,
01cda6ce2a686c1e,https://ba.linkedin.com/jobs/view/payroll-associate-german-at-deel-4453888327,Payroll Associate | German,Deel,failed|wp_post_failed,2026-08-21T18:39:22.423398,
627f5204969b0f82,https://ba.linkedin.com/jobs/view/vo%C4%91a-smjene-sinsay-trebinje-na-odre%C4%91eno-vrijeme-at-lpp-bh-4456029165,Vođa smjene - Sinsay Trebinje (na određeno vrijeme),,scraped,2026-08-21T18:39:41.257116,
c88d5b7a93ee8abe,https://ba.linkedin.com/jobs/view/project-manager-product-lifecycle-management-at-propharma-4457370279,Project Manager - Product Lifecycle Management,ProPharma,failed|wp_post_failed,2026-08-21T20:27:56.365486,
bb5015da4510fab8,https://ba.linkedin.com/jobs/view/ai-solutions-engineer-at-brookstone-partners-4454181475,AI Solutions Engineer,Brookstone Partners,failed|wp_post_failed,2026-08-22T01:16:07.765432,
5f3d370fd75b6b3e,https://ba.linkedin.com/jobs/view/sales-development-representative-smb-cee-baltics-at-deel-4453898262,"Sales Development Representative, SMB | CEE&Baltics",Deel,failed|wp_post_failed,2026-08-22T02:55:36.246349,
6aadafbbfca9728b,https://ba.linkedin.com/jobs/view/computer-numerical-control-machinist-at-akm-technology-d-o-o-4455044089,Computer Numerical Control Machinist,AKM - Technology d.o.o.,failed|wp_post_failed,2026-08-22T10:24:56.747463,
17944e0b08a9b3fb,https://ba.linkedin.com/jobs/view/service-technician-at-nordex-group-4455764466,Service Technician,,scraped,2026-08-22T16:25:24.071991,
f7b53319db75daaf,https://ba.linkedin.com/jobs/view/resident-engineer-bih-tunnels-at-hill-international-inc-3971174262,Resident Engineer (BiH Tunnels),"Hill International, Inc.",failed|wp_post_failed,2026-08-22T16:26:24.044573,
885f6d63bfe3a96f,https://ba.linkedin.com/jobs/view/payroll-associate-german-at-deel-4454100262,Payroll Associate | German,Deel,failed|wp_post_failed,2026-08-22T16:27:00.051147,
8989a8b64bd32a2a,https://ba.linkedin.com/jobs/view/freelance-transcriptionist-at-balkanet-project-4455050454,Freelance Transcriptionist,BALKANET project,failed|wp_post_failed,2026-08-22T22:23:51.768854,
46e426ccbbee571b,https://ba.linkedin.com/jobs/view/sales-development-representative-sdr-%E2%80%93-german-market-at-futuremeets-4455079715,Sales Development Representative (SDR) – German Market,FutureMeets,failed|wp_post_failed,2026-08-23T10:25:54.431881,
0101be568c590814,https://ba.linkedin.com/jobs/view/senior-back-end-java-engineer-at-avenga-4370912862,Senior Back End (Java) Engineer,,scraped,2026-08-23T10:26:29.050766,
e31bd0172ac291b9,https://ba.linkedin.com/jobs/view/senior-ai-engineer-at-avenga-4457523193,Senior AI Engineer,,scraped,2026-08-24T01:21:09.605059,
16e3258c5f88088e,https://ba.linkedin.com/jobs/view/junior-accountant-at-mb-accounting-sarajevo-4401933125,Junior Accountant,,scraped,2026-08-24T08:49:20.540553,
cba393acd8b64581,https://ba.linkedin.com/jobs/view/data-engineer-at-avenga-4419967481,Data Engineer,,scraped,2026-08-24T08:49:55.690558,
03a6701deb8fd3d3,https://ba.linkedin.com/jobs/view/client-success-manager-performance-marketing-agency-%E2%80%94-remote-at-paradox-media-4456851988,Client Success Manager (Performance Marketing Agency) — Remote,Paradox Media,failed|wp_post_failed,2026-08-24T08:50:36.923531,
17b98f6cc030f91c,https://ba.linkedin.com/jobs/view/national-consultant-on-prevention-of-sexual-harassment-and-capacity-building-for-local-government-officials-noc-sarajevo-bih-at-un-women-4458168698,"National Consultant on Prevention of Sexual Harassment and Capacity Building for Local Government Officials, NOC, Sarajevo, BiH",UN Women,failed|wp_post_failed,2026-08-24T08:51:20.083791,
227d1b909dc6217c,https://ba.linkedin.com/jobs/view/product-owner-f-m-d-grid-digitalization-at-siemens-energy-4437021883,Product Owner (f/m/d) Grid Digitalization,Siemens Energy,failed|wp_post_failed,2026-08-24T10:38:49.211344,
1b027e7ad6a3546a,https://ba.linkedin.com/jobs/view/paid-ads-specialist-meta-%2B-google-%E2%80%94-remote-bhs-at-paradox-media-4456882011,Paid Ads Specialist (Meta + Google) — remote (BHS),Paradox Media,failed|wp_post_failed,2026-08-24T10:39:32.919421,
9a8aca0cb01af9fa,https://ba.linkedin.com/jobs/view/recruitment-specialist-at-lc-waikiki-4455887202,Recruitment Specialist,LC Waikiki,failed|wp_post_failed,2026-08-24T12:52:11.298378,
c179f2e57c687c39,https://ba.linkedin.com/jobs/view/applied-ai-engineer-at-block-labs-4456266225,Applied AI Engineer,,scraped,2026-08-24T12:52:27.871799,
b58514476367b26f,https://ba.linkedin.com/jobs/view/supervisor-territory-b2c-at-philip-morris-international-4458148686,Supervisor Territory B2C,,scraped,2026-08-24T12:52:34.360072,
472c76be33a7817a,https://ba.linkedin.com/jobs/view/supplier-quality-manager-f-m-d-at-siemens-energy-4456002726,Supplier Quality Manager (f/m/d),Siemens Energy,failed|wp_post_failed,2026-08-24T12:53:48.614838,
6a0d69ddcf0b4cff,https://ba.linkedin.com/jobs/view/backend-developer-at-sportradar-4456724689,Backend Developer,,scraped,2026-08-24T14:43:41.523822,
4298b4525fe153cc,https://ba.linkedin.com/jobs/view/kundenbetreuer-mit-inbound-sales-deutsch-at-concentrix-4446744846,Kundenbetreuer mit Inbound Sales - Deutsch,Concentrix,failed|wp_post_failed,2026-08-24T14:44:25.381731,
eb1adcc96289bef2,https://ba.linkedin.com/jobs/view/adc-audit-analyst-at-deloitte-4417966332,ADC Audit Analyst,Deloitte,failed|wp_post_failed,2026-08-24T16:39:58.821033,
8f4f8fc2ad46fc7c,https://ba.linkedin.com/jobs/view/procurement-ili-operations-specialist-tuzla-ili-sarajevo-at-talentor-western-balkans-4455881293,Procurement ili Operations Specialist - Tuzla ili Sarajevo,,scraped,2026-08-24T16:40:03.507857,
9a966a8749ca6d73,https://ba.linkedin.com/jobs/view/stru%C4%8Dni-suradnik-m-%C5%BE-za-podru%C4%8Dje-rs-banja-luka-i-okolni-gradovi-i-unsko-sanski-kanton-at-salvus-4455869160,STRUČNI SURADNIK (m/ž) za područje RS Banja luka i okolni gradovi i Unsko-Sanski kanton,,scraped,2026-08-24T16:40:17.007193,
a0ae703b5c5157ff,https://ba.linkedin.com/jobs/view/area-manager-northern-part-of-bosnia-and-hercegovina-at-velux-4458184745,Area Manager - Northern part of Bosnia and Hercegovina,,scraped,2026-08-24T16:40:26.426694,
4623d8c7dba8d2aa,https://ba.linkedin.com/jobs/view/kreditni-slu%C5%BEbenik-4454108650,Kreditni službenik,Mikrokreditno društvo Prodest,failed|wp_post_failed,2026-08-24T16:40:49.949834,
1f8e24122b52d00d,https://ba.linkedin.com/jobs/view/doctoral-student-at-faculty-of-electrical-engineering-university-of-sarajevo-4456503140,Doctoral Student,,scraped,2026-08-24T16:41:18.669070,
c1fc0fd144a4c7a7,https://ba.linkedin.com/jobs/view/medicinska-sestra-tehni%C4%8Dar-at-dobar-zdravstvena-ustanova-4455881850,Medicinska sestra/tehničar,,scraped,2026-08-24T16:41:31.220088,
d5bd0a383100092d,https://ba.linkedin.com/jobs/view/payroll-associate-german-at-deel-4455886944,Payroll Associate | German,Deel,failed|wp_post_failed,2026-08-24T16:42:05.684838,
1f4ff828bcdaa92f,https://ba.linkedin.com/jobs/view/sales-development-representative-smb-cee-baltics-at-deel-4456502382,"Sales Development Representative, SMB | CEE&Baltics",Deel,failed|wp_post_failed,2026-08-24T18:42:01.321719,
10f8aac9aa3af2ef,https://ba.linkedin.com/jobs/view/media-business-development-manager-at-designrush-4458187949,Media Business Development Manager,DesignRush,failed|wp_post_failed,2026-08-24T18:43:00.756371,
612823791d0567cc,https://ba.linkedin.com/jobs/view/senior-team-lead-ai-engineering-at-deel-4455891918,"Senior Team Lead, AI Engineering",Deel,failed|wp_post_failed,2026-08-24T18:43:31.848258,
2125fa81f43f9d9b,https://ba.linkedin.com/jobs/view/payroll-associate-german-at-deel-4456505351,Payroll Associate | German,Deel,failed|wp_post_failed,2026-08-24T18:43:48.611823,
994aefa5db161d9c,https://ba.linkedin.com/jobs/view/payroll-associate-german-at-deel-4455895509,Payroll Associate | German,Deel,scraped,2026-08-24T18:43:52.722013,
33070e96558e2a77,https://ba.linkedin.com/jobs/view/senior-backend-engineer-node-js-%2B-aws-at-deel-4455895471,Senior Backend Engineer Node.js + AWS,Deel,failed|wp_post_failed,2026-08-24T18:44:11.927067,
dce3c8ff7df28eb9,https://ba.linkedin.com/jobs/view/ai-security-specialist-at-deel-4456514031,AI Security Specialist,Deel,failed|wp_post_failed,2026-08-24T18:44:31.299443,
5d033f920bd50d14,https://ba.linkedin.com/jobs/view/operations-manager-payroll-solutions-at-deel-4456512295,Operations Manager | Payroll Solutions,Deel,failed|wp_post_failed,2026-08-24T18:44:49.878133,
f4c6d65b310d8291,https://ba.linkedin.com/jobs/view/payroll-associate-german-at-deel-4456510346,Payroll Associate | German,Deel,scraped,2026-08-24T18:44:56.180130,
9520193a1049b009,https://ba.linkedin.com/jobs/view/site-reliability-engineer-at-deel-4455899452,Site Reliability Engineer,Deel,failed|wp_post_failed,2026-08-24T18:45:14.068070,
f01527f41217d36d,https://ba.linkedin.com/jobs/view/staff-engineer-at-deel-4456514004,Staff Engineer,Deel,failed|wp_post_failed,2026-08-24T18:45:31.460375,
c6a487e0229f2f0f,https://ba.linkedin.com/jobs/view/account-coordinator-at-personify-health-4448331032,Account Coordinator,Personify Health,failed|wp_post_failed,2026-08-24T18:45:54.479947,
fa1817bdc50abe36,https://ba.linkedin.com/jobs/view/%C5%BEeljezni%C4%8Dki-radnik-at-strabag-4458224296,Željeznički radnik,,scraped,2026-08-24T20:31:49.574017,
09a3ac0f197891f7,https://ba.linkedin.com/jobs/view/database-administrator-at-deel-4456512252,Database Administrator,Deel,failed|wp_post_failed,2026-08-24T20:32:20.553498,
e47a47718d40035c,https://ba.linkedin.com/jobs/view/global-industrial-engineer-m-f-d-at-voith-hydro-4448174023,Global Industrial Engineer (m/f/d),,scraped,2026-08-24T20:33:07.122619,
b248b41553a558c9,https://ba.linkedin.com/jobs/view/staff-engineer-at-deel-4455891891,Staff Engineer,Deel,failed|wp_post_failed,2026-08-24T20:34:07.620708,
d8de18bef2eb991d,https://ba.linkedin.com/jobs/view/ai-engineer-at-deel-4456505320,AI Engineer,Deel,failed|wp_post_failed,2026-08-24T20:34:24.284793,
f86c845f69453ada,https://ba.linkedin.com/jobs/view/full-stack-engineer-emea-at-deel-4456512286,Full Stack Engineer - EMEA,Deel,failed|wp_post_failed,2026-08-24T20:34:42.375119,
6ee4bd9090b723f3,https://ba.linkedin.com/jobs/view/senior-application-developer-at-deloitte-4435665483,Senior Application Developer,Deloitte,failed|wp_post_failed,2026-08-24T20:35:04.104105,
a86eae0bfa8f76a6,https://ba.linkedin.com/jobs/view/backend-engineer-node-js-%2B-aws-at-deel-4456506356,Backend Engineer Node.js + AWS,Deel,failed|wp_post_failed,2026-08-24T20:35:22.390631,
e052c4deecb11484,https://ba.linkedin.com/jobs/view/audit-assistant-at-uhy-revident-doo-mostar-4455892003,Audit Assistant,,scraped,2026-08-24T22:28:55.085356,
0a2bf441a8f90282,https://ba.linkedin.com/jobs/view/staff-engineer-at-deel-4456507349,Staff Engineer,Deel,failed|wp_post_failed,2026-08-24T22:29:33.963472,
867dc9993461ff83,https://ba.linkedin.com/jobs/view/staff-engineer-at-deel-4455898415,Staff Engineer,Deel,scraped,2026-08-24T22:29:38.114218,
4a7593a73dd8769a,https://ba.linkedin.com/jobs/view/quality-manager-substations-f-m-d-for-europa-africa-at-siemens-energy-4457115226,Quality Manager Substations (f/m/d) for Europa & Africa,Siemens Energy,failed|wp_post_failed,2026-08-25T01:19:30.402854,
c22a86f7666c4a0c,https://ba.linkedin.com/jobs/view/supply-chain-services-relations-analyst-supply-chain-management-unit-copenhagen-p-2-211645-at-united-nations-population-fund-unfpa-4457419053,"Supply Chain Services & Relations Analyst, Supply Chain Management Unit, Copenhagen, P-2 (211645)",United Nations Population Fund (UNFPA),failed|wp_post_failed,2026-08-25T06:50:41.594685,
d7b20cb348197550,https://ba.linkedin.com/jobs/view/sales-representative-at-marlo-medic-4456581626,Sales Representative,Marlo Medic,failed|wp_post_failed,2026-08-25T08:44:39.686582,
cdc05b9d7e79c958,https://ba.linkedin.com/jobs/view/contract-psychologist-minor-care-specialization-at-spring-health-4458297085,(Contract) Psychologist (Minor Care Specialization),Spring Health,failed|wp_post_failed,2026-08-25T08:45:20.411233,
bd6ccd765a77c102,https://ba.linkedin.com/jobs/view/sales-development-representative-ent-cee-baltics-at-deel-4456505366,"Sales Development Representative, ENT | CEE&Baltics",Deel,failed|wp_post_failed,2026-08-25T10:34:39.334706,
a62c709cc895fed8,https://ba.linkedin.com/jobs/view/backend-engineer-python-at-mentor-talent-acquisition-4452570958,Backend Engineer (Python),,scraped,2026-08-25T10:35:35.957111,
02eaebe95b8995ea,https://ba.linkedin.com/jobs/view/carinski-deklarant-m-%C5%BE-at-cargo-partner-4458741626,Carinski deklarant m/ž,,scraped,2026-08-25T12:49:07.226557,
b18b55de3f730419,https://ba.linkedin.com/jobs/view/gra%C4%91evinski-in%C5%BEenjer-at-t-e-d-o-o-projektovanje-savjetovanje-i-usluge-4456904517,Građevinski inženjer,,scraped,2026-08-25T14:46:59.313545,
e45d260b981f6474,https://ba.linkedin.com/jobs/view/marketing-menad%C5%BEer-at-centrum-trade-d-o-o-4456902397,Marketing menadžer,,scraped,2026-08-25T14:47:11.718942,
39bc477d22fda44f,https://ba.linkedin.com/jobs/view/komercijalista-za-financijsko-vo%C4%91enje-gradili%C5%A1nih-projekata-m-%C5%BE-n-at-strabag-4458221300,Komercijalista za financijsko vođenje gradilišnih projekata (m/ž/n),,scraped,2026-08-25T14:47:25.008620,
803cc8f65c159c1c,https://ba.linkedin.com/jobs/view/senior-hardware-engineer-at-prosafety-4456923088,Senior Hardware Engineer,,scraped,2026-08-25T14:47:40.216568,
01838896e1e1de09,https://ba.linkedin.com/jobs/view/online-data-analyst-bosnia-and-herzegovina-at-telus-digital-4458772163,Online Data Analyst - Bosnia and Herzegovina,,scraped,2026-08-25T14:48:37.198439,
3a0e07566c96a59e,https://ba.linkedin.com/jobs/view/senior-ai-driven-automation-qa-engineer-at-avenga-4458750958,Senior AI Driven Automation QA Engineer,,scraped,2026-08-25T14:48:48.050332,
6875a2bc5042f65b,https://ba.linkedin.com/jobs/view/payroll-associate-germany-at-deel-4456960049,Payroll Associate | Germany,Deel,failed|wp_post_failed,2026-08-25T18:41:13.096507,
1738f1115e5e4f05,https://ba.linkedin.com/jobs/view/national-finance-manager-at-cargo-partner-4459008350,National Finance Manager,,scraped,2026-08-25T18:41:19.900671,
fac1da78851f0b62,https://ba.linkedin.com/jobs/view/trial-master-file-specialist-tmfs-ii-at-ergomed-4458784748,Trial Master File Specialist (TMFS) II,ERGOMED,failed|wp_post_failed,2026-08-25T18:41:53.181699,
20689d9daecea906,https://ba.linkedin.com/jobs/view/komercijalista-za-nabavku-category-manager-at-centrum-trade-d-o-o-4456901361,Komercijalista za nabavku / Category Manager,,scraped,2026-08-25T18:42:28.028650,
d8906cf2fc3dc21c,https://ba.linkedin.com/jobs/view/eligibility-specialist-at-personify-health-4458791820,Eligibility Specialist,Personify Health,failed|wp_post_failed,2026-08-25T18:43:33.975341,
e7806e0e874ed574,https://ba.linkedin.com/jobs/view/chief-accountant-at-avon-4457617302,Chief Accountant,Avon,failed|wp_post_failed,2026-08-25T20:31:22.755713,
024c81a840ac6c27,https://ba.linkedin.com/jobs/view/re-advertisement-finance-specialist-supply-chain-management-unit-scmu-copenhagen-denmark-p3-at-united-nations-population-fund-unfpa-4457643209,"(Re-Advertisement) Finance Specialist, Supply Chain Management Unit (SCMU), Copenhagen, Denmark, P3",United Nations Population Fund (UNFPA),failed|wp_post_failed,2026-08-25T22:29:52.521310,
8bc7cc2e6ac0774c,https://ba.linkedin.com/jobs/view/regional-office-assistant-at-infobip-4457631658,Regional Office Assistant,,scraped,2026-08-26T01:21:17.955207,
fc94d08d18104398,https://ba.linkedin.com/jobs/view/talent-acquisition-manager-at-mm-coaching-limited-marriage-reset-4459044116,Talent Acquisition Manager,,scraped,2026-08-26T01:21:46.194469,
07143a9b57761c24,https://ba.linkedin.com/jobs/view/senior-forward-deployed-engineer-at-brookstone-partners-4454185455,Senior Forward Deployed Engineer,Brookstone Partners,failed|wp_post_failed,2026-08-26T03:07:23.869675,
38eb38365cc17c14,https://ba.linkedin.com/jobs/view/programme-analyst-public-policy-and-participation-noa-fta-la-havana-cuba-at-united-nations-population-fund-unfpa-4457675476,"Programme Analyst, Public Policy and Participation, NOA, FTA, La Havana, Cuba",United Nations Population Fund (UNFPA),failed|wp_post_failed,2026-08-26T03:08:19.984820,
e3c2bc2542f1c04b,https://ba.linkedin.com/jobs/view/rukovodilac-ra%C4%8Dunovodstva-i-poslovne-administracije-at-talentor-western-balkans-4457225317,Rukovodilac računovodstva i poslovne administracije,,scraped,2026-08-26T08:45:13.032731,
f8fd8b93a2e78b22,https://ba.linkedin.com/jobs/view/sales-predstavnik-terenski-komercijalista-%E2%80%93-autospas-at-autospas-4457220359,Sales predstavnik / Terenski komercijalista – AUTOSPAS,,scraped,2026-08-26T08:45:49.778596,
b6b270f85e05eeba,https://ba.linkedin.com/jobs/view/direct-response-copywriter-%2B-cro-%E2%80%94-remote-at-paradox-media-4457905321,Direct Response Copywriter + CRO — Remote,Paradox Media,failed|wp_post_failed,2026-08-26T10:37:40.560769,
3377b760219c3ae6,https://ba.linkedin.com/jobs/view/copywriter-social-media-specialist-at-maxbet-4459157883,Copywriter & Social Media Specialist,,scraped,2026-08-26T10:37:49.126439,
974c79c2d6b041d8,https://ba.linkedin.com/jobs/view/native-mobile-developer-ios-swift-android-kotlin-at-bloomteq-4457234345,Native Mobile Developer iOS (Swift) / Android (Kotlin),,scraped,2026-08-26T10:38:04.027307,
08c0fa59e0a013bb,https://ba.linkedin.com/jobs/view/full-stack-software-engineer-at-mwdn-4457698375,Full-Stack Software Engineer,MWDN,failed|wp_post_failed,2026-08-26T10:38:34.245738,
3fff7516d33392f8,https://ba.linkedin.com/jobs/view/talent-acquisition-specialist-at-mm-coaching-limited-marriage-reset-4459044116,Talent Acquisition Specialist,,scraped,2026-08-26T10:38:42.821145,
1f56d11a00231c01,https://ba.linkedin.com/jobs/view/online-data-analyst-bosnia-and-herzegovina-at-telus-digital-ai-data-solutions-4459175134,Online Data Analyst - Bosnia and Herzegovina,TELUS Digital AI Data Solutions,failed|wp_post_failed,2026-08-26T10:39:05.631824,
0da1ee11e6089ffb,https://ba.linkedin.com/jobs/view/provider-maintanance-specialist-at-personify-health-4458789837,Provider Maintanance Specialist,Personify Health,failed|wp_post_failed,2026-08-26T10:39:25.614788,
711868bcdb014b89,https://ba.linkedin.com/jobs/view/programme-analyst-gender-noa-fta-la-havana-cuba-at-united-nations-population-fund-unfpa-4457689315,"Programme Analyst, Gender, NOA, FTA, La Havana, Cuba",United Nations Population Fund (UNFPA),failed|wp_post_failed,2026-08-26T10:40:01.472835,
782cb79f61e2e990,https://ba.linkedin.com/jobs/view/technical-service-and-support-at-manpower-bosnia-and-herzegovina-4457247539,Technical service and support,Manpower Bosnia and Herzegovina,failed|wp_post_failed,2026-08-26T12:54:29.130206,
781f609c34e7efb4,https://ba.linkedin.com/jobs/view/senior-ai-driven-automation-qa-engineer-at-avenga-water-well-service-llc-4458798380,Senior AI Driven Automation QA Engineer,"Avenga Water Well Service, LLC",failed|wp_post_failed,2026-08-26T12:55:33.388838,
4352dcc57c366e51,https://ba.linkedin.com/jobs/view/senior-ai-engineer-agentic-ai-aws-at-gramian-consulting-4459172641,Senior AI Engineer (Agentic AI / AWS),,scraped,2026-08-26T12:56:05.983144,
949ba81e2aa7776d,https://ba.linkedin.com/jobs/view/senior-backend-platform-engineer-ai-infrastructure-at-gramian-consulting-4459172790,Senior Backend / Platform Engineer (AI Infrastructure),,scraped,2026-08-26T12:56:14.261837,
b84ed6071c1dbd83,https://ba.linkedin.com/jobs/view/senior-business-analyst-insurance-ai-transformation-at-gramian-consulting-4459169702,Senior Business Analyst (Insurance AI Transformation),,scraped,2026-08-26T12:56:20.564998,
4f5eba2a533d07f6,https://ba.linkedin.com/jobs/view/senior-devsecops-engineer-cloud-security-ai-platforms-at-gramian-consulting-4459166749,Senior DevSecOps Engineer (Cloud Security / AI Platforms),,scraped,2026-08-26T12:56:27.260604,
2e4242e1ec75ade3,https://ba.linkedin.com/jobs/view/c%2B%2B-developer-at-muehlbauer-group-bih-4456918641,C++ Developer,,scraped,2026-08-26T14:46:18.420856,
4c1476cf94cac990,https://ba.linkedin.com/jobs/view/svn-18-08-26-project-associate-social-cohesion-at-iom-un-migration-4459307588,"SVN 18-08/26 Project Associate, Social Cohesion",IOM - UN Migration,failed|wp_post_failed,2026-08-26T14:46:59.820907,
22d1ee90638a3ae9,https://ba.linkedin.com/jobs/view/specijalista-za-ra%C4%8Dunovodstvo-i-poslovnu-administraciju-at-talentor-western-balkans-4457225317,Specijalista za računovodstvo i poslovnu administraciju,,scraped,2026-08-26T14:47:09.609917,
ef7398db5556a7c7,https://ba.linkedin.com/jobs/view/product-sales-specialist-voice-wholesales-at-infobip-4457943533,Product Sales Specialist (Voice Wholesales),,scraped,2026-08-26T14:47:38.962242,
c5c7216a726ef117,https://ba.linkedin.com/jobs/view/%C5%BEeljezni%C4%8Dki-radnik-at-strabag-4459345011,Željeznički radnik,,scraped,2026-08-26T19:50:29.445687,
0f824467792e98fa,https://ba.linkedin.com/jobs/view/accounts-payable-accountant-at-personify-health-4459335603,Accounts Payable Accountant,Personify Health,failed|wp_post_failed,2026-08-26T19:51:36.002139,
8baddf0e64754a53,https://ba.linkedin.com/jobs/view/react-developer-at-grm-digital-4456922530,React Developer,,scraped,2026-08-26T19:51:42.684963,
c104fe9c87ed30df,https://ba.linkedin.com/jobs/view/engineering-manager-at-personify-health-4413404477,Engineering Manager,Personify Health,failed|wp_post_failed,2026-08-26T19:52:25.093937,
dda24ce9d5fcf1e9,https://ba.linkedin.com/jobs/view/senior-ecommerce-ui-ux-designer-at-praella-shopify-platinum-partner-4457992902,Senior eCommerce UI/UX Designer,praella - Shopify Platinum Partner,failed|wp_post_failed,2026-08-27T07:59:59.096273,
9e88a8f8da2f941b,https://ba.linkedin.com/jobs/view/national-individual-consultancy-%E2%80%93-revision-and-update-of-basic-technical-standards-for-ict-tools-in-education-systems-in-bosnia-and-herzegovina-2027%E2%80%932029-35-working-days-remote-at-unicef-mk-4458353829,"National Individual Consultancy – Revision and Update of Basic Technical Standards for ICT Tools in Education Systems in Bosnia and Herzegovina 2027–2029, 35 working days, Remote",,scraped,2026-08-27T08:00:11.852144,
6315893c0f6be96c,https://ba.linkedin.com/jobs/view/rukovoditelj-prodavaonice-m-%C5%BE-livno-at-jysk-4457750360,"Rukovoditelj prodavaonice (m/ž), Livno",,scraped,2026-08-27T18:59:44.445882,
c79a0a71c7b419a7,https://ba.linkedin.com/jobs/view/rukovoditelj-prodavaonice-m-%C5%BE-zvornik-at-jysk-4457751549,"Rukovoditelj prodavaonice (m/ž), Zvornik",,scraped,2026-08-27T18:59:59.372383,
528b4f73e82ce638,https://ba.linkedin.com/jobs/view/programme-officer-eu-policies-ca-fg-iv-post-number-455668-at-eubam-libya-4459696809,Programme Officer - EU policies - CA FG IV (post number 455668),,scraped,2026-08-27T19:00:46.021647,
3e8d80adf83f0549,https://ba.linkedin.com/jobs/view/national-individual-consultancy-%E2%80%93-revision-and-update-of-basic-technical-standards-for-ict-tools-in-education-systems-in-bosnia-and-herzegovina-2027%E2%80%932029-35-working-days-remote-at-unicef-bangladesh-4458637593,"National Individual Consultancy – Revision and Update of Basic Technical Standards for ICT Tools in Education Systems in Bosnia and Herzegovina 2027–2029, 35 working days, Remote",UNICEF Bangladesh,failed|wp_post_failed,2026-08-27T19:01:24.579950,
dfdcba356470c4df,https://ba.linkedin.com/jobs/view/national-individual-consultancy-%E2%80%93-revision-and-update-of-basic-technical-standards-for-ict-tools-in-education-systems-in-bosnia-and-herzegovina-2027%E2%80%932029-35-working-days-remote-at-unicef-chad-4457742477,"National Individual Consultancy – Revision and Update of Basic Technical Standards for ICT Tools in Education Systems in Bosnia and Herzegovina 2027–2029, 35 working days, Remote",Unicef CHAD,failed|wp_post_failed,2026-08-27T19:01:45.960829,
c32e71bf1ebd7664,https://ba.linkedin.com/jobs/view/senior-data-document-ingestion-engineer-ocr-rag-at-gramian-consulting-4459173744,Senior Data & Document Ingestion Engineer (OCR / RAG),,scraped,2026-08-27T19:02:08.557212,
bbbfd4675b31fc8e,https://ba.linkedin.com/jobs/view/senior-test-automation-engineer-ai-systems-at-gramian-consulting-4459314012,Senior Test Automation Engineer (AI Systems),,scraped,2026-08-27T19:02:16.939800,
0a22a32e7e2ebf1e,https://ba.linkedin.com/jobs/view/senior-frontend-engineer-ai-applications-at-gramian-consulting-4459190032,Senior Frontend Engineer (AI Applications),,scraped,2026-08-27T19:02:29.347192,
46cc3f2b131bad81,https://ba.linkedin.com/jobs/view/online-data-analyst-bosnia-and-herzegovina-at-telus-digital-ai-data-solutions-4459889106,Online Data Analyst - Bosnia and Herzegovina,TELUS Digital AI Data Solutions,failed|wp_post_failed,2026-08-27T19:02:51.210079,
303fa9a31f6832a4,https://ba.linkedin.com/jobs/view/planer-u-odjelu-transporta-at-manpower-bosnia-and-herzegovina-4457255462,Planer u odjelu transporta,Manpower Bosnia and Herzegovina,failed|wp_post_failed,2026-08-28T04:06:13.875824,
1eba0bfb661c8ea5,https://ba.linkedin.com/jobs/view/jewellery-retoucher-product-editor-at-vacier-4458611916,Jewellery Retoucher - Product Editor,,scraped,2026-08-28T04:06:38.510075,
39c14f679bc9e558,https://ba.linkedin.com/jobs/view/medical-representative-m-f-at-dekra-arbeit-group-bosnia-and-herzegovina-4456926178,Medical Representative (m/f),,scraped,2026-08-28T04:06:51.811276,
904393c346e93bf2,https://ba.linkedin.com/jobs/view/sales-representative-at-hireua-4456902802,Sales Representative,,scraped,2026-08-28T04:07:02.424699,
5dcb0cbbd2817347,https://ba.linkedin.com/jobs/view/programme-assistant-joint-programme-coordination%E2%80%93-gender-equality-accelerator-n-ppsa5-sarajevo-bih-at-un-women-4460367117,"Programme Assistant, Joint Programme Coordination– Gender Equality Accelerator, N-PPSA5, Sarajevo, BiH",UN Women,failed|wp_post_failed,2026-08-28T18:19:01.516614,
6bd135df5331e6aa,https://ba.linkedin.com/jobs/view/data-entry-specialist-drayage-at-long-road-transportation-llc-4460368206,Data Entry Specialist (Drayage),Long Road Transportation LLC,failed|wp_post_failed,2026-08-28T18:19:24.529534,
099aaedf4d0476e9,https://ba.linkedin.com/jobs/view/online-data-analyst-bosnia-and-herzegovina-at-telus-digital-ai-data-solutions-4459895114,Online Data Analyst - Bosnia and Herzegovina,TELUS Digital AI Data Solutions,failed|wp_post_failed,2026-08-28T18:19:48.638067,
f5077a7769abc69d,https://ba.linkedin.com/jobs/view/prodavac-20h-sinsay-sarajevo-intershop-at-lpp-bh-4459419168,Prodavac (20h) - Sinsay Sarajevo Intershop,,scraped,2026-08-28T18:19:51.244690,
61b05b4bad40d096,https://ba.linkedin.com/jobs/view/online-data-analyst-bosnia-and-herzegovina-at-telus-digital-ai-data-solutions-4460343211,Online Data Analyst - Bosnia and Herzegovina,TELUS Digital AI Data Solutions,failed|wp_post_failed,2026-08-28T18:20:16.078744,
32dc64f557a4adc8,https://ba.linkedin.com/jobs/view/software-engineer-code-repository-licensing-at-gramian-consulting-4459876845,Software Engineer (Code Repository Licensing),,scraped,2026-08-28T18:20:18.614465,
7db4c329c88d0e26,https://ba.linkedin.com/jobs/view/talent-acquisition-specialist-at-mm-coaching-limited-marriage-reset-4459695217,Talent Acquisition Specialist,,scraped,2026-08-28T18:20:25.440476,
0c2f5fd703a6561a,https://ba.linkedin.com/jobs/view/online-data-analyst-bosnia-and-herzegovina-at-telus-digital-ai-data-solutions-4460338246,Online Data Analyst - Bosnia and Herzegovina,TELUS Digital AI Data Solutions,failed|wp_post_failed,2026-08-28T18:21:23.394532,
e0cc5ff89acca2d1,https://ba.linkedin.com/jobs/view/online-data-analyst-bosnian-ba-at-telus-digital-ai-data-solutions-4459163948,Online Data Analyst - Bosnian (BA),TELUS Digital AI Data Solutions,failed|wp_post_failed,2026-08-28T18:21:40.860431,
4e4e84950644cb86,https://ba.linkedin.com/jobs/view/national-consultant-on-gender-responsive-municipal-energy-and-climate-planning-noc-sarajevo-bih-at-un-women-4460353279,"National Consultant on Gender-Responsive Municipal Energy and Climate Planning, NOC, Sarajevo, BiH",UN Women,failed|wp_post_failed,2026-08-28T18:21:59.609447,
89c345dfc989216b,https://ba.linkedin.com/jobs/view/remote-application-support-analyst-l2-at-poly-tech-talent-4458990136,Remote Application Support Analyst L2,,scraped,2026-08-29T02:46:07.045683,
380348ec3121dd24,https://ba.linkedin.com/jobs/view/poslovo%C4%91a-u-ratarstvu-m-%C5%BE-at-agro-invest-grupa-4458972019,Poslovođa u ratarstvu (m/ž),,scraped,2026-08-29T02:46:19.643334,
22e7fd09ad3167e2,https://ba.linkedin.com/jobs/view/senior-menad%C5%BEer-cnc-tehnologija-at-pmp-jel%C5%A1ingrad-fmg-a-d-4457228613,Senior menadžer CNC tehnologija,,scraped,2026-08-29T02:46:46.348021,
a94102697c4269ee,https://ba.linkedin.com/jobs/view/administrative-assistant-m-f-d-at-siemens-energy-4457972231,Administrative Assistant (m/f/d),Siemens Energy,failed|wp_post_failed,2026-08-29T02:47:31.373001,
a975c50734c42081,https://ba.linkedin.com/jobs/view/project-manager-emea-remote-at-360dialog-4460353604,Project Manager EMEA | Remote,,scraped,2026-08-29T10:54:20.647445,
31ffc10b2e4697d9,https://ba.linkedin.com/jobs/view/change-manager-at-austability-4459361173,Change Manager,,scraped,2026-08-29T10:54:27.490183,
31f9260826c6de20,https://ba.linkedin.com/jobs/view/team-leader-embedded-software-development-robotics-or-factory-automation-at-clipcon-recruitment-employer-branding-4458479068,Team Leader - Embedded Software Development (Robotics or Factory Automation),,scraped,2026-08-29T16:20:47.063245,
9bb36653ec422576,https://ba.linkedin.com/jobs/view/designer-video-editor-%E2%80%94-remote-at-paradox-media-4457918058,Designer / Video Editor — Remote,Paradox Media,failed|wp_post_failed,2026-08-29T16:22:21.907239,
f1be0f9e1ce6e240,https://ba.linkedin.com/jobs/view/remote-bosnian-interpreter-training-provided-at-languagebridge-solutions-4460812963,Remote Bosnian Interpreter   - Training provided,LanguageBridge Solutions,failed|wp_post_failed,2026-08-29T23:57:12.157009,
495196ca71cc4b07,https://ba.linkedin.com/jobs/view/trial-master-file-specialist-tmfs-ii-at-noxpharm-4460881272,Trial Master File Specialist (TMFS) II,,scraped,2026-08-30T04:17:52.159290,
8eea67f398965563,https://ba.linkedin.com/jobs/view/google-ads-media-buyer-growth-strategist-remote-at-sweat-pants-agency-4460854674,Google Ads Media Buyer / Growth Strategist (Remote),Sweat Pants Agency,failed|wp_post_failed,2026-08-30T04:18:17.565190,
9b6d86d5c746fb8c,https://ba.linkedin.com/jobs/view/customer-growth-executive-at-infobip-4458965869,Customer Growth Executive,,scraped,2026-08-30T04:19:18.298458,
5bffa4d61d29e63a,https://ba.linkedin.com/jobs/view/devops-engineer-at-apoddo-4456512800,DevOps Engineer,,scraped,2026-08-30T11:26:47.757118,
2d7eb6a8eddc3d2e,https://ba.linkedin.com/jobs/view/bosnian-english-medical-interpreter-wfh-at-languagebridge-solutions-4459736108,BOSNIAN- ENGLISH Medical Interpreter (WFH),LanguageBridge Solutions,failed|wp_post_failed,2026-08-30T16:13:55.467325,
bf241dccc41f9e40,https://ba.linkedin.com/jobs/view/amazon-image-brief-conversion-associate-at-rankona-mazon-4461019463,Amazon Image Brief & Conversion Associate,Rankona Mazon,failed|wp_post_failed,2026-08-31T00:16:52.479872,
da5cc764d40c0ada,https://ba.linkedin.com/jobs/view/director-of-controlling-at-newcold-metal-construction-4461053801,Director of Controlling,,scraped,2026-08-31T08:13:46.753785,
76f458150f83da32,https://ba.linkedin.com/jobs/view/bosnian-english-interpreters-fully-remote-at-languagebridge-solutions-4460022184,Bosnian <> English Interpreters [Fully Remote],LanguageBridge Solutions,failed|wp_post_failed,2026-08-31T17:26:45.510484,
7e6b38a78330396c,https://ba.linkedin.com/jobs/view/senior-seo-manager-at-designrush-4460368502,Senior SEO Manager,DesignRush,failed|wp_post_failed,2026-08-31T17:27:18.739506,
69b7d579a6e0c767,https://ba.linkedin.com/jobs/view/senior-mobile-sdk-engineer-at-mwdn-4460026678,Senior Mobile SDK Engineer,MWDN,failed|wp_post_failed,2026-08-31T17:27:43.017969,
dcce79c3b282a44d,https://ba.linkedin.com/jobs/view/salesperson-at-toza-markovi%C4%87-d-o-o-4459216882,Salesperson,Toza Marković d.o.o.,failed|wp_post_failed,2026-08-31T17:28:04.680315,
cb5cd081eb537a0d,https://ba.linkedin.com/jobs/view/wfh-bosnian-to-english-medical-interpreter-at-languagebridge-solutions-4460014137,WFH - Bosnian to English Medical Interpreter,LanguageBridge Solutions,failed|wp_post_failed,2026-08-31T17:28:24.103377,
afa9301a0d503005,https://ba.linkedin.com/jobs/view/qa-automation-engineer-sarajevo-at-wunder-mobility-4458091649,QA Automation Engineer (Sarajevo),,scraped,2026-08-31T17:28:52.713138,
4b00b5d29755d017,https://ba.linkedin.com/jobs/view/configuration-analyst-at-personify-health-4461216961,Configuration Analyst,Personify Health,failed|wp_post_failed,2026-08-31T17:29:32.381440,
cc60440361e1d2f4,https://ba.linkedin.com/jobs/view/tehnolog-za-energetiku-at-atlantic-grupa-4458883443,Tehnolog za energetiku,Atlantic Grupa,failed|wp_post_failed,2026-08-31T22:35:49.070248,
0b55a551955add98,https://ba.linkedin.com/jobs/view/dispatch-operations-lead-at-ridedoyles-4458882764,Dispatch Operations Lead,rideDoyles,failed|wp_post_failed,2026-08-31T22:36:04.804043,
f32cda7241db579c,https://ba.linkedin.com/jobs/view/carrier-sales-representative-at-modelkite-inc-4459866296,Carrier Sales Representative,,scraped,2026-08-31T22:36:07.407448,
03b5cb11549b67a9,https://ba.linkedin.com/jobs/view/poslovo%C4%91a-u-proizvodnji-lje%C5%A1njaka-m-%C5%BE-at-agro-invest-grupa-4458969320,Poslovođa u proizvodnji lješnjaka (m/ž),,scraped,2026-08-31T22:36:18.793362,
95f1a483bec27248,https://ba.linkedin.com/jobs/view/sales-manager-at-r-consulting-bh-4458060081,Sales Manager,R Consulting BH,failed|wp_post_failed,2026-08-31T22:36:47.167977,
af915cd6c25ae763,https://ba.linkedin.com/jobs/view/sales-consultant-%E2%80%93-dubai-real-estate-at-mccone-properties-4461037628,Sales Consultant – Dubai Real Estate,,scraped,2026-08-31T22:37:13.916434,
f4138615cb99e671,https://ba.linkedin.com/jobs/view/snoop-dogg%E2%80%99s-international-ice-cream-taster-at-dr-bombay-bosslady-foods-4457607493,Snoop Dogg’s International Ice Cream Taster,Dr.Bombay / Bosslady Foods,failed|wp_post_failed,2026-08-31T22:37:34.266120,
56f2cd8ae922200f,https://ba.linkedin.com/jobs/view/official-game-host-at-stranger-soccer-4461062396,Official Game Host,,scraped,2026-08-31T22:37:36.877359,
38af3f6a86ac6c55,https://ba.linkedin.com/jobs/view/direktor-nabave-at-manpower-bosnia-and-herzegovina-4459224959,DIrektor nabave,Manpower Bosnia and Herzegovina,failed|wp_post_failed,2026-08-31T22:38:02.164419,
879b8929fe474b9b,https://ba.linkedin.com/jobs/view/junior-accountant-at-forvis-mazars-in-bosnia-and-herzegovina-4451724831,Junior Accountant,,scraped,2026-09-01T03:59:10.914943,
83f85d55d34ff637,https://ba.linkedin.com/jobs/view/paid-ppc-performance-marketing-specialist-at-digital-silk-growing-brands-online-4448300013,Paid PPC Performance Marketing Specialist,Digital Silk - Growing Brands Online,failed|wp_post_failed,2026-09-01T03:59:36.818204,
af08a0c9afa0f622,https://ba.linkedin.com/jobs/view/junior-influencer-marketing-ugc-coordinator-at-the-studio-4460052499,Junior Influencer Marketing & UGC Coordinator,THE/STUDIO,failed|wp_post_failed,2026-09-01T03:59:53.310910,
43749761015fb75f,https://ba.linkedin.com/jobs/view/marketing-sales-manager-bosnia-and-herzegovina-at-abdi-ibrahim-pharmaceuticals-4459200150,Marketing & Sales Manager - Bosnia and Herzegovina,,scraped,2026-09-01T04:00:05.921007,
280f2d9ef42425c8,https://ba.linkedin.com/jobs/view/new-vacancies-in-the-eu-funded-twinning-project-further-support-to-indirect-taxation-authority-of-bosnia-and-herzegovina-ba-22-ipa-fi-01-26-at-eubam-libya-4461510897,New vacancies in the EU-funded Twinning project Further support to Indirect Taxation Authority of Bosnia and Herzegovina (BA 22 IPA FI 01 26),,scraped,2026-09-01T09:21:30.549639,
b924593e9f069ba4,https://ba.linkedin.com/jobs/view/product-solution-engineer-at-infobip-4460214008,Product Solution Engineer,,scraped,2026-09-01T09:22:19.675945,
2673ebc88f68f761,https://ba.linkedin.com/jobs/view/software-project-manager-at-asee-4460295303,Software Project Manager,,scraped,2026-09-01T14:35:56.417119,
66516e6024660778,https://ba.linkedin.com/jobs/view/video-editor-creative-tech-focus-at-obsidian-balkans-4459295261,Video Editor (Creative Tech Focus),Obsidian Balkans,failed|wp_post_failed,2026-09-01T14:36:37.268328,
3d70be9fc00fdb66,https://ba.linkedin.com/jobs/view/business-development-associate-at-digital-silk-growing-brands-online-4461747342,Business Development Associate,Digital Silk - Growing Brands Online,failed|wp_post_failed,2026-09-01T14:37:07.417426,
5357238acab8168c,https://ba.linkedin.com/jobs/view/middle%2B-project-manager-remote-contract-at-infuse-4461502876,"Middle+ Project Manager (Remote, Contract)",INFUSE,failed|wp_post_failed,2026-09-01T14:37:46.235243,
04ac0841861bc27c,https://ba.linkedin.com/jobs/view/problem-analyst-at-ncr-voyix-4459293864,Problem Analyst,NCR Voyix,failed|wp_post_failed,2026-09-01T14:38:06.391880,
6cc8e9e5c4169dc0,https://ba.linkedin.com/jobs/view/product-solution-engineer-at-infobip-4460213102,Product Solution Engineer,,scraped,2026-09-01T14:38:31.130398,
224190176633301d,https://ba.linkedin.com/jobs/view/applied-ai-business-development-manager-100-%25-remote-m-f-d-at-ewor-4460285852,Applied AI Business Development Manager (100 % remote) (m/f/d),,scraped,2026-09-01T19:15:18.361157,
bb463de1f5e70ffb,https://ba.linkedin.com/jobs/view/field-service-maintenance-technician-%E2%80%93-industrial-packaging-at-manpower-bosnia-and-herzegovina-4457247539,Field Service & Maintenance Technician – Industrial Packaging,Manpower Bosnia and Herzegovina,failed|wp_post_failed,2026-09-01T19:16:09.671071,
84bf26ccdc43a475,https://ba.linkedin.com/jobs/view/prodavac-sinsay-west-gate-ilid%C5%BEa-at-lpp-bh-4460614909,Prodavac - Sinsay West Gate Ilidža,,scraped,2026-09-01T19:16:14.438645,
487883835353b0b4,https://ba.linkedin.com/jobs/view/b2b-founding-engineer-100-%25-remote-m-f-d-at-ewor-4460288491,B2B Founding Engineer (100 % remote) (m/f/d),,scraped,2026-09-01T19:16:23.656308,
ba197bb23c12a527,https://ba.linkedin.com/jobs/view/software-engineer-data-analytics-at-asee-4460609049,Software Engineer (Data & Analytics),,scraped,2026-09-01T19:16:30.854875,
e9cf64ecb9ed850d,https://ba.linkedin.com/jobs/view/consultant-automotive-digital-services-connected-car-at-circuit-business-consulting-4459517653,Consultant Automotive - Digital Services & Connected Car,,scraped,2026-09-01T19:16:39.882848,
c22e5c943cc7abdc,https://ba.linkedin.com/jobs/view/infrastructure-construction-design-manager-m-f-at-dekra-arbeit-group-bosnia-and-herzegovina-4459531143,Infrastructure Construction & Design Manager (m/f),,scraped,2026-09-01T19:17:05.285073,
187a869c198408ab,https://ba.linkedin.com/jobs/view/software-project-manager-at-bs-telecom-solutions-4460295303,Software Project Manager,,scraped,2026-09-02T14:09:17.071708,
9a8560ff809e17f3,https://ba.linkedin.com/jobs/view/software-engineer-data-analytics-at-bs-telecom-solutions-4460609049,Software Engineer (Data & Analytics),,scraped,2026-09-02T14:09:31.132722,
ec5bb2297c8317a4,https://ba.linkedin.com/jobs/view/komercijalista-za-financijsko-vo%C4%91enje-gradili%C5%A1nih-projekata-m-%C5%BE-n-at-strabag-4459341016,Komercijalista za financijsko vođenje gradilišnih projekata (m/ž/n),,scraped,2026-09-02T14:10:03.346128,
efcf679ce02a12c6,https://ba.linkedin.com/jobs/view/system-development-engineer-m-f-d-at-evomotiv-4460691411,System Development Engineer (m/f/d),,scraped,2026-09-02T14:10:15.014169,
63ff061911712cb0,https://ba.linkedin.com/jobs/view/corporate-spanish-trainer-english-bilingual-at-gofluent-4460977131,Corporate Spanish Trainer (English Bilingual),,scraped,2026-09-02T14:10:44.316450,
7523349ca727e958,https://ba.linkedin.com/jobs/view/qa-automation-engineer-banja-luka-at-wunder-mobility-4458483123,QA Automation Engineer (Banja Luka),,scraped,2026-09-02T14:10:58.864419,
5f2d06902a881d43,https://ba.linkedin.com/jobs/view/vi%C5%A1i-voditelj-klju%C4%8Dnih-kupaca-m-%C5%BE-podru%C4%8Dje-bijeljina-tuzla-br%C4%8Dko-at-teva-pharmaceuticals-4461745046,"Viši voditelj ključnih kupaca (m/ž) - područje Bijeljina, Tuzla, Brčko",,scraped,2026-09-02T14:11:06.055697,
025778bdcd2a1082,https://ba.linkedin.com/jobs/view/test-engineer-at-startup-maya-d-o-o-4459932991,Test Engineer,StartUP MAYA d.o.o.,failed|wp_post_failed,2026-09-02T19:16:47.349824,
585eea2a09440832,https://ba.linkedin.com/jobs/view/medical-sales-representative-at-berlin-chemie-menarini-4461232470,Medical Sales Representative,,scraped,2026-09-02T19:16:49.985185,
cbfe3fbe7f7bb1ec,https://ba.linkedin.com/jobs/view/english-c1-customer-support-consultant-short-term-remote-at-supportyourapp-4462429141,"(English C1) Customer Support Consultant, short-term (remote)",SupportYourApp,failed|wp_post_failed,2026-09-02T19:17:34.732006,
72ea6b5f2fa4fcbc,https://ba.linkedin.com/jobs/view/senior-product-designer-mobile-100%25-remote-emea-at-hostaway-4462441412,Senior Product Designer - Mobile - 100% Remote - EMEA,,scraped,2026-09-02T22:26:12.455998,
0703f48b0f80a880,https://ba.linkedin.com/jobs/view/ljeva%C4%8D-ii-vilju%C5%A1karist-at-aluminij-industries-4462175491,LJEVAČ II / VILJUŠKARIST,,scraped,2026-09-02T22:26:21.244301,
e3a35aab4b663bae,https://ba.linkedin.com/jobs/view/ma%C5%A1inski-in%C5%BEenjer-at-muehlbauer-group-bih-4459915934,Mašinski inženjer,,scraped,2026-09-02T22:26:27.906705,
80242413a78aea8e,https://ba.linkedin.com/jobs/view/menad%C5%BEer-kvalitete-at-aluminij-industries-4462183299,MENADŽER KVALITETE,,scraped,2026-09-02T22:26:37.976375,
b511bffdd5623679,https://ba.linkedin.com/jobs/view/commodity-broker-pure-commission-at-axis-sourcing-llc-4462706474,Commodity broker (Pure Commission),Axis Sourcing LLC,failed|wp_post_failed,2026-09-03T03:20:48.957733,
1d3c4cd059a14c5e,https://ba.linkedin.com/jobs/view/assembly-of-aluminum-and-pvc-joinery-4459995524,Assembly of aluminum and PVC joinery,Trgopromex Alumina d.o.o.,failed|wp_post_failed,2026-09-03T03:21:10.423331,
aac4bdf34dfedbf9,https://ba.linkedin.com/jobs/view/it-audit-associate-senior-associate-at-pwc-bosnia-and-herzegovina-4461355591,IT Audit Associate / Senior Associate,,scraped,2026-09-03T03:21:27.116648,
73959200a1b5ce9d,https://ba.linkedin.com/jobs/view/english-c1-customer-support-consultant-short-term-remote-at-supportyourapp-4462429148,"(English C1) Customer Support Consultant, short-term (remote)",SupportYourApp,failed|wp_post_failed,2026-09-03T03:22:10.320636,
58cc894c8c00f9af,https://ba.linkedin.com/jobs/view/real-estate-specialist-4460464456,Real Estate Specialist,EURO-PLAC d.o.o.,failed|wp_post_failed,2026-09-03T08:40:01.690283,
5babbe4078c18cc3,https://ba.linkedin.com/jobs/view/dispatch-operations-lead-at-ridedoyles-4461759849,Dispatch Operations Lead,rideDoyles,failed|wp_post_failed,2026-09-03T08:40:31.087512,
436d46670901ed0d,https://ba.linkedin.com/jobs/view/corporate-spanish-trainer-english-bilingual-at-gofluent-4459969628,Corporate Spanish Trainer (English Bilingual),,scraped,2026-09-03T08:40:47.738915,
5d59c3c5d8c29f06,https://ba.linkedin.com/jobs/view/online-data-analyst-bosnia-and-herzegovina-at-telus-digital-ai-data-solutions-4462155940,Online Data Analyst - Bosnia and Herzegovina,TELUS Digital AI Data Solutions,failed|wp_post_failed,2026-09-03T08:42:34.109639,
b8785936246dfe6a,https://ba.linkedin.com/jobs/view/senior-security-consultant-f-m-x-at-sii-poland-4460728031,Senior Security Consultant (f/m/x),,scraped,2026-09-03T14:12:32.791279,
358b47c2f646eb2f,https://ba.linkedin.com/jobs/view/content-marketer-at-huzzle-com-4462815311,Content Marketer,,scraped,2026-09-03T14:12:43.465366,
6daafc49cd5beb2d,https://ba.linkedin.com/jobs/view/team-lead-systems-automation-at-deel-4460462208,Team Lead Systems Automation,Deel,failed|wp_post_failed,2026-09-03T14:13:18.571184,
e1abac891d58b2af,https://ba.linkedin.com/jobs/view/kundenbetreuer-at-telesmart-doo-4459210241,Kundenbetreuer,,scraped,2026-09-03T14:13:51.237001,
2dfaa2854d328534,https://ba.linkedin.com/jobs/view/product-manager-at-capslock-4462881072,Product Manager,,scraped,2026-09-03T19:09:53.679421,
de8be9c4eccfe9b6,https://ba.linkedin.com/jobs/view/b2b-content-marketing-specialist-at-codaxy-4460472196,B2B Content Marketing Specialist,,scraped,2026-09-03T19:10:21.925459,
c35ee1f0f4f5b84f,https://ba.linkedin.com/jobs/view/graphic-designer-data-visualization-remote-contract-at-infuse-4462431768,"Graphic Designer, Data Visualization (Remote, Contract)",INFUSE,failed|wp_post_failed,2026-09-03T19:11:36.524546,
e8cf756c22ff41e0,https://ba.linkedin.com/jobs/view/senior-software-engineer-healthcare-data-fhir-at-salt-square-4462898971,Senior Software Engineer (Healthcare Data / FHIR),,scraped,2026-09-03T22:22:28.585241,
a605d72bcc610051,https://ba.linkedin.com/jobs/view/%F0%9F%9A%80-nakon-uspje%C5%A1nog-sajma-u-istanbulu-%E2%80%93-%C5%A1irimo-na%C5%A1-tim%21-at-nature-pick-4463117339,🚀 NAKON USPJEŠNOG SAJMA U ISTANBULU – ŠIRIMO NAŠ TIM!,,scraped,2026-09-04T03:20:31.799588,
103d1954cba4673f,https://ba.linkedin.com/jobs/view/ai-video-editor-at-mm-coaching-limited-marriage-reset-4461077149,AI Video Editor,,scraped,2026-09-04T03:20:40.897876,
3ff08d3662f3440e,https://ba.linkedin.com/jobs/view/sales-account-executive-at-voiso-4462896069,Sales Account Executive,,scraped,2026-09-04T03:21:04.499130,
0147cc87d788d4b3,https://ba.linkedin.com/jobs/view/marketing-manager-at-digital-silk-growing-brands-online-4438689391,Marketing Manager,Digital Silk - Growing Brands Online,failed|wp_post_failed,2026-09-04T03:21:42.909765,
5cdcdb1d211761d3,https://ba.linkedin.com/jobs/view/account-manager-at-monri-payments-member-of-payten-4463316074,Account Manager,,scraped,2026-09-04T08:32:47.540386,
99adff4194625198,https://ba.linkedin.com/jobs/view/senior-finance-analyst-%E2%80%94-the-flex-at-the-flex-4462823107,Senior Finance Analyst — The Flex,,scraped,2026-09-04T08:33:09.937482,
159ee90ea6419ee3,https://ba.linkedin.com/jobs/view/engineering-lead-industrial-automation-at-ekvip-automation-gmbh-4460243627,Engineering Lead Industrial Automation,,scraped,2026-09-04T08:33:20.243978,
3638d4c3f4e2f4fe,https://ba.linkedin.com/jobs/view/service-technician-at-mb-print-d-o-o-4460744480,Service Technician,,scraped,2026-09-04T08:33:56.792114,
1eda9b17f32bbccf,https://ba.linkedin.com/jobs/view/middle-project-manager-remote-contract-at-infuse-4461518617,"Middle Project Manager (Remote, Contract)",INFUSE,failed|wp_post_failed,2026-09-04T08:34:29.531612,
203d64b00ca22a4b,https://ba.linkedin.com/jobs/view/corporate-spanish-trainer-english-bilingual-at-gofluent-4460983897,Corporate Spanish Trainer (English Bilingual),,scraped,2026-09-04T08:34:36.380255,
e1316dbba2e8b126,https://ba.linkedin.com/jobs/view/supervisor-territory-indirect-retail-at-philip-morris-international-4462840407,Supervisor Territory Indirect Retail,,scraped,2026-09-04T14:03:35.209993,
3b1417393ea11f63,https://ba.linkedin.com/jobs/view/futbolistas-para-3ra-divisi%C3%B3n-de-bosnia-y-herzegovina-at-futbolink-4463364509,Futbolistas para (3ra División) de Bosnia y Herzegovina,,scraped,2026-09-04T14:04:26.103284,
7eebdc42f46b18d1,https://ba.linkedin.com/jobs/view/senior-python-data-scraping-engineer-freelance-at-mindrift-4461138475,Senior Python Data Scraping Engineer (Freelance),Mindrift,failed|wp_post_failed,2026-09-04T14:04:51.729694,
289fad7ef76ccfea,https://ba.linkedin.com/jobs/view/bps-supervisor-at-deloitte-4461180799,BPS Supervisor,Deloitte,failed|wp_post_failed,2026-09-04T18:52:23.881500,
0f3a674ac2f75fe5,https://ba.linkedin.com/jobs/view/security-guard-at-undp-careers-4463628317,Security Guard,UNDP Careers,failed|wp_post_failed,2026-09-04T22:11:15.553688,
f5b2f48439c2afc3,https://ba.linkedin.com/jobs/view/site-reliability-engineer-i-at-personify-health-4463148145,Site Reliability Engineer I,Personify Health,failed|wp_post_failed,2026-09-04T22:12:05.186689,
cfd5796c9eb35978,https://ba.linkedin.com/jobs/view/applied-ai-mechanical-design-engineer-100-%25-remote-m-f-d-at-ewor-4461983128,Applied AI Mechanical Design Engineer (100 % remote) (m/f/d),,scraped,2026-09-04T22:12:12.028756,
5a7951e590f8c973,https://ba.linkedin.com/jobs/view/assistant-brand-manager-crochet-and-knit-brand-dtc-e-commerce-100%25-remote-eu-at-foxelli-group-4463621944,Assistant Brand Manager (crochet and knit brand) | DTC E-commerce | 100% Remote EU,,scraped,2026-09-04T22:13:08.650746,
617b11d590172c83,https://ba.linkedin.com/jobs/view/senior-product-lifecycle-management-consultant-permanent-role-at-propharma-4463379511,Senior Product Lifecycle Management Consultant - permanent role,ProPharma,failed|wp_post_failed,2026-09-05T03:23:07.606596,
